repo,snapshot_tag,snapshot_commit,advisory_id,fixed_commit,file_path,published_at,severity_label,source_family,mapping_basis,review_decision,reviewer,notes
curl,curl-7_37_0,3fed9acaef45ac8b99ceecc38afbed3494e2d3ef,CVE-2014-3613,8a75dbeb2305297640453029b7905ef51b87e8dd,lib/cookie.c,2014-09-10T08:00:00+00:00,MEDIUM,explicit_plus_range,explicit_id+osv_range,accept,initial_curation,Retained from supported advisory/event catalog and seeded for researcher review.
curl,curl-7_37_0,3fed9acaef45ac8b99ceecc38afbed3494e2d3ef,CVE-2014-3620,a76825a5efa6b41d3a1d4f275dada2f017f6f566,lib/cookie.c,2014-09-10T08:00:00+00:00,HIGH,explicit_plus_range,explicit_id+osv_range,accept,initial_curation,Retained from supported advisory/event catalog and seeded for researcher review.
curl,curl-7_37_0,3fed9acaef45ac8b99ceecc38afbed3494e2d3ef,CVE-2014-3707,b3875606925536f82fc61f3114ac42f29eaf6945,lib/formdata.c,2014-11-05T08:00:00+00:00,MEDIUM,explicit_plus_range,explicit_id+osv_range,accept,initial_curation,Retained from supported advisory/event catalog and seeded for researcher review.
curl,curl-7_37_0,3fed9acaef45ac8b99ceecc38afbed3494e2d3ef,CVE-2014-3707,b3875606925536f82fc61f3114ac42f29eaf6945,lib/strdup.c,2014-11-05T08:00:00+00:00,MEDIUM,explicit_plus_range,explicit_id+osv_range,accept,initial_curation,Retained from supported advisory/event catalog and seeded for researcher review.
curl,curl-7_37_0,3fed9acaef45ac8b99ceecc38afbed3494e2d3ef,CVE-2014-3707,b3875606925536f82fc61f3114ac42f29eaf6945,lib/strdup.h,2014-11-05T08:00:00+00:00,MEDIUM,explicit_plus_range,explicit_id+osv_range,accept,initial_curation,Retained from supported advisory/event catalog and seeded for researcher review.
curl,curl-7_37_0,3fed9acaef45ac8b99ceecc38afbed3494e2d3ef,CVE-2014-3707,b3875606925536f82fc61f3114ac42f29eaf6945,lib/url.c,2014-11-05T08:00:00+00:00,MEDIUM,explicit_plus_range,explicit_id+osv_range,accept,initial_curation,Retained from supported advisory/event catalog and seeded for researcher review.
curl,curl-7_37_0,3fed9acaef45ac8b99ceecc38afbed3494e2d3ef,CVE-2014-3707,b3875606925536f82fc61f3114ac42f29eaf6945,lib/urldata.h,2014-11-05T08:00:00+00:00,MEDIUM,explicit_plus_range,explicit_id+osv_range,accept,initial_curation,Retained from supported advisory/event catalog and seeded for researcher review.
curl,curl-7_37_0,3fed9acaef45ac8b99ceecc38afbed3494e2d3ef,CVE-2014-3707,b3875606925536f82fc61f3114ac42f29eaf6945,src/tool_setup.h,2014-11-05T08:00:00+00:00,MEDIUM,explicit_plus_range,explicit_id+osv_range,accept,initial_curation,Retained from supported advisory/event catalog and seeded for researcher review.
curl,curl-7_37_0,3fed9acaef45ac8b99ceecc38afbed3494e2d3ef,CVE-2015-3143,31be461c6b659312100c47be6ddd5f0f569290f6,lib/url.c,2015-04-21T21:20:36+00:00,UNKNOWN,explicit_only,explicit_id,accept,initial_curation,Retained from supported advisory/event catalog and seeded for researcher review.
curl,curl-7_37_0,3fed9acaef45ac8b99ceecc38afbed3494e2d3ef,CVE-2015-3144,0583e87ada7a3cfb10904ae4ab61b339582c5bd3,lib/url.c,2015-04-22T08:00:00+00:00,MEDIUM,explicit_plus_range,explicit_id+osv_range,accept,initial_curation,Retained from supported advisory/event catalog and seeded for researcher review.
curl,curl-7_37_0,3fed9acaef45ac8b99ceecc38afbed3494e2d3ef,CVE-2015-3145,b5f947b8ac0e282c61c75b69cd5b9d37dafc6959,lib/cookie.c,2015-04-22T08:00:00+00:00,MEDIUM,explicit_plus_range,explicit_id+osv_range,accept,initial_curation,Retained from supported advisory/event catalog and seeded for researcher review.
curl,curl-7_37_0,3fed9acaef45ac8b99ceecc38afbed3494e2d3ef,CVE-2015-3148,79b9d5f1a42578f807a6c94914bc65cbaa304b6d,lib/http.c,2015-04-21T21:20:37+00:00,UNKNOWN,explicit_only,explicit_id,accept,initial_curation,Retained from supported advisory/event catalog and seeded for researcher review.
curl,curl-7_37_0,3fed9acaef45ac8b99ceecc38afbed3494e2d3ef,CVE-2015-3236,24a8359b256f8a3d7892f21f156a4bf0a42710d5,lib/http.c,2015-06-17T05:43:13+00:00,UNKNOWN,explicit_only,explicit_id,accept,initial_curation,Retained from supported advisory/event catalog and seeded for researcher review.
curl,curl-7_37_0,3fed9acaef45ac8b99ceecc38afbed3494e2d3ef,CVE-2015-3237,50c7f17e503fbab5081b69c97f9d4645389b9270,nan,2015-06-17T08:00:00+00:00,HIGH,explicit_plus_range,explicit_id+osv_range,accept,initial_curation,Retained from supported advisory/event catalog and seeded for researcher review.
curl,curl-7_37_0,3fed9acaef45ac8b99ceecc38afbed3494e2d3ef,CVE-2016-0754,3017d8a8d8849ebd4feae4f5eae037cd55736a61,src/tool_cb_hdr.c,2016-01-26T22:42:55+00:00,UNKNOWN,explicit_only,explicit_id,accept,initial_curation,Retained from supported advisory/event catalog and seeded for researcher review.
curl,curl-7_37_0,3fed9acaef45ac8b99ceecc38afbed3494e2d3ef,CVE-2016-0754,3017d8a8d8849ebd4feae4f5eae037cd55736a61,src/tool_doswin.c,2016-01-26T22:42:55+00:00,UNKNOWN,explicit_only,explicit_id,accept,initial_curation,Retained from supported advisory/event catalog and seeded for researcher review.
curl,curl-7_37_0,3fed9acaef45ac8b99ceecc38afbed3494e2d3ef,CVE-2016-0754,3017d8a8d8849ebd4feae4f5eae037cd55736a61,src/tool_doswin.h,2016-01-26T22:42:55+00:00,UNKNOWN,explicit_only,explicit_id,accept,initial_curation,Retained from supported advisory/event catalog and seeded for researcher review.
curl,curl-7_37_0,3fed9acaef45ac8b99ceecc38afbed3494e2d3ef,CVE-2016-0754,3017d8a8d8849ebd4feae4f5eae037cd55736a61,src/tool_operate.c,2016-01-26T22:42:55+00:00,UNKNOWN,explicit_only,explicit_id,accept,initial_curation,Retained from supported advisory/event catalog and seeded for researcher review.
curl,curl-7_37_0,3fed9acaef45ac8b99ceecc38afbed3494e2d3ef,CVE-2016-0755,d41dcba4e9b69d6b761e3460cc6ae7e8fd8f621f,lib/url.c,2016-01-26T22:42:55+00:00,UNKNOWN,explicit_only,explicit_id,accept,initial_curation,Retained from supported advisory/event catalog and seeded for researcher review.
curl,curl-7_37_0,3fed9acaef45ac8b99ceecc38afbed3494e2d3ef,CVE-2016-3739,6efd2fa529a189bf41736a610f6184cd8ad94b4d,lib/vtls/polarssl.c,2016-05-18T08:00:00+00:00,HIGH,explicit_plus_range,explicit_id+osv_range,accept,initial_curation,Retained from supported advisory/event catalog and seeded for researcher review.
curl,curl-7_50_0,79e63a53bb9598af863b0afe49ad662795faeef4,CVE-2016-5419,247d890da88f9ee817079e246c59f3d7d12fde5f,lib/url.c,2016-08-03T08:00:00+00:00,HIGH,explicit_plus_range,explicit_id+osv_range,accept,initial_curation,Retained from supported advisory/event catalog and seeded for researcher review.
curl,curl-7_50_0,79e63a53bb9598af863b0afe49ad662795faeef4,CVE-2016-5419,247d890da88f9ee817079e246c59f3d7d12fde5f,lib/urldata.h,2016-08-03T08:00:00+00:00,HIGH,explicit_plus_range,explicit_id+osv_range,accept,initial_curation,Retained from supported advisory/event catalog and seeded for researcher review.
curl,curl-7_50_0,79e63a53bb9598af863b0afe49ad662795faeef4,CVE-2016-5419,247d890da88f9ee817079e246c59f3d7d12fde5f,lib/vtls/vtls.c,2016-08-03T08:00:00+00:00,HIGH,explicit_plus_range,explicit_id+osv_range,accept,initial_curation,Retained from supported advisory/event catalog and seeded for researcher review.
curl,curl-7_50_0,79e63a53bb9598af863b0afe49ad662795faeef4,CVE-2016-5420,11ec5ad4352bba384404c56e77c7fab9382fd22d,lib/vtls/vtls.c,2016-08-02T22:34:27+00:00,UNKNOWN,explicit_only,explicit_id,accept,initial_curation,Retained from supported advisory/event catalog and seeded for researcher review.
curl,curl-7_50_0,79e63a53bb9598af863b0afe49ad662795faeef4,CVE-2016-5421,75dc096e01ef1e21b6c57690d99371dedb2c0b80,lib/multi.c,2016-08-02T22:34:27+00:00,UNKNOWN,explicit_only,explicit_id,accept,initial_curation,Retained from supported advisory/event catalog and seeded for researcher review.
curl,curl-7_50_0,79e63a53bb9598af863b0afe49ad662795faeef4,CVE-2016-7167,01cf1308ee2e792c77bb1d2c9218c56a30fd40ae,lib/escape.c,2016-09-14T05:49:43+00:00,UNKNOWN,explicit_only,explicit_id,accept,initial_curation,Retained from supported advisory/event catalog and seeded for researcher review.
curl,curl-7_50_0,79e63a53bb9598af863b0afe49ad662795faeef4,CVE-2016-8615,cff89bc088b7884098ea0c5378bbda3d49c437bc,lib/cookie.c,2016-11-02T08:00:00+00:00,HIGH,explicit_plus_range,explicit_id+osv_range,accept,initial_curation,Retained from supported advisory/event catalog and seeded for researcher review.
curl,curl-7_50_0,79e63a53bb9598af863b0afe49ad662795faeef4,CVE-2016-8617,efd24d57426bd77c9b5860e6b297904703750412,lib/base64.c,2016-11-02T08:00:00+00:00,HIGH,explicit_plus_range,explicit_id+osv_range,accept,initial_curation,Retained from supported advisory/event catalog and seeded for researcher review.
curl,curl-7_50_0,79e63a53bb9598af863b0afe49ad662795faeef4,CVE-2016-8618,8732ec40db652c53fa58cd13e2acb8eab6e40874,lib/mprintf.c,2016-11-02T08:00:00+00:00,CRITICAL,explicit_plus_range,explicit_id+osv_range,accept,initial_curation,Retained from supported advisory/event catalog and seeded for researcher review.
curl,curl-7_50_0,79e63a53bb9598af863b0afe49ad662795faeef4,CVE-2016-8619,3d6460edeee21d7d790ec570d0887bed1f4366dd,lib/security.c,2016-11-02T08:00:00+00:00,CRITICAL,explicit_plus_range,explicit_id+osv_range,accept,initial_curation,Retained from supported advisory/event catalog and seeded for researcher review.
curl,curl-7_50_0,79e63a53bb9598af863b0afe49ad662795faeef4,CVE-2016-8621,96a80b5a262fb6dd2ddcea7987296f3b9a405618,lib/parsedate.c,2016-11-02T08:00:00+00:00,HIGH,explicit_plus_range,explicit_id+osv_range,accept,initial_curation,Retained from supported advisory/event catalog and seeded for researcher review.
curl,curl-7_50_0,79e63a53bb9598af863b0afe49ad662795faeef4,CVE-2016-8622,53e71e47d6b81650d26ec33a58d0dca24c7ffb2c,lib/dict.c,2016-11-02T08:00:00+00:00,CRITICAL,explicit_plus_range,explicit_id+osv_range,accept,initial_curation,Retained from supported advisory/event catalog and seeded for researcher review.
curl,curl-7_50_0,79e63a53bb9598af863b0afe49ad662795faeef4,CVE-2016-8622,53e71e47d6b81650d26ec33a58d0dca24c7ffb2c,lib/escape.c,2016-11-02T08:00:00+00:00,CRITICAL,explicit_plus_range,explicit_id+osv_range,accept,initial_curation,Retained from supported advisory/event catalog and seeded for researcher review.
curl,curl-7_50_0,79e63a53bb9598af863b0afe49ad662795faeef4,CVE-2016-8623,c5be3d7267c725dbd093ff3a883e07ee8cf2a1d5,lib/cookie.c,2016-11-02T08:00:00+00:00,HIGH,explicit_plus_range,explicit_id+osv_range,accept,initial_curation,Retained from supported advisory/event catalog and seeded for researcher review.
curl,curl-7_50_0,79e63a53bb9598af863b0afe49ad662795faeef4,CVE-2016-8623,c5be3d7267c725dbd093ff3a883e07ee8cf2a1d5,lib/cookie.h,2016-11-02T08:00:00+00:00,HIGH,explicit_plus_range,explicit_id+osv_range,accept,initial_curation,Retained from supported advisory/event catalog and seeded for researcher review.
curl,curl-7_50_0,79e63a53bb9598af863b0afe49ad662795faeef4,CVE-2016-8623,c5be3d7267c725dbd093ff3a883e07ee8cf2a1d5,lib/http.c,2016-11-02T08:00:00+00:00,HIGH,explicit_plus_range,explicit_id+osv_range,accept,initial_curation,Retained from supported advisory/event catalog and seeded for researcher review.
curl,curl-7_50_0,79e63a53bb9598af863b0afe49ad662795faeef4,CVE-2016-8624,3bb273db7e40ebc284cff45f3ce3f0475c8339c2,lib/url.c,2016-11-02T08:00:00+00:00,HIGH,explicit_plus_range,explicit_id+osv_range,accept,initial_curation,Retained from supported advisory/event catalog and seeded for researcher review.
curl,curl-7_50_0,79e63a53bb9598af863b0afe49ad662795faeef4,CVE-2016-8625,9c91ec778104ae3b744b39444d544e82d5ee9ece,lib/curl_setup.h,2016-11-02T08:00:00+00:00,HIGH,explicit_plus_range,explicit_id+osv_range,accept,initial_curation,Retained from supported advisory/event catalog and seeded for researcher review.
curl,curl-7_50_0,79e63a53bb9598af863b0afe49ad662795faeef4,CVE-2016-8625,9c91ec778104ae3b744b39444d544e82d5ee9ece,lib/easy.c,2016-11-02T08:00:00+00:00,HIGH,explicit_plus_range,explicit_id+osv_range,accept,initial_curation,Retained from supported advisory/event catalog and seeded for researcher review.
curl,curl-7_50_0,79e63a53bb9598af863b0afe49ad662795faeef4,CVE-2016-8625,9c91ec778104ae3b744b39444d544e82d5ee9ece,lib/strerror.c,2016-11-02T08:00:00+00:00,HIGH,explicit_plus_range,explicit_id+osv_range,accept,initial_curation,Retained from supported advisory/event catalog and seeded for researcher review.
curl,curl-7_50_0,79e63a53bb9598af863b0afe49ad662795faeef4,CVE-2016-8625,9c91ec778104ae3b744b39444d544e82d5ee9ece,lib/strerror.h,2016-11-02T08:00:00+00:00,HIGH,explicit_plus_range,explicit_id+osv_range,accept,initial_curation,Retained from supported advisory/event catalog and seeded for researcher review.
curl,curl-7_50_0,79e63a53bb9598af863b0afe49ad662795faeef4,CVE-2016-8625,9c91ec778104ae3b744b39444d544e82d5ee9ece,lib/url.c,2016-11-02T08:00:00+00:00,HIGH,explicit_plus_range,explicit_id+osv_range,accept,initial_curation,Retained from supported advisory/event catalog and seeded for researcher review.
curl,curl-7_50_0,79e63a53bb9598af863b0afe49ad662795faeef4,CVE-2016-8625,9c91ec778104ae3b744b39444d544e82d5ee9ece,lib/version.c,2016-11-02T08:00:00+00:00,HIGH,explicit_plus_range,explicit_id+osv_range,accept,initial_curation,Retained from supported advisory/event catalog and seeded for researcher review.
curl,curl-7_50_0,79e63a53bb9598af863b0afe49ad662795faeef4,CVE-2016-9586,3ab3c16db6a5674f53cf23d56512a405fde0b2c9,lib/mprintf.c,2016-12-21T08:00:00+00:00,HIGH,explicit_plus_range,explicit_id+osv_range,accept,initial_curation,Retained from supported advisory/event catalog and seeded for researcher review.
curl,curl-7_50_0,79e63a53bb9598af863b0afe49ad662795faeef4,CVE-2017-1000099,c9332fa5e84f24da300b42b1a931ade929d3e27d,lib/file.c,2017-08-09T08:00:00+00:00,MEDIUM,explicit_plus_range,explicit_id+osv_range,accept,initial_curation,Retained from supported advisory/event catalog and seeded for researcher review.
curl,curl-7_50_0,79e63a53bb9598af863b0afe49ad662795faeef4,CVE-2017-1000100,358b2b131ad6c095696f20dcfa62b8305263f898,lib/tftp.c,2017-08-09T08:00:00+00:00,HIGH,explicit_plus_range,explicit_id+osv_range,accept,initial_curation,Retained from supported advisory/event catalog and seeded for researcher review.
curl,curl-7_50_0,79e63a53bb9598af863b0afe49ad662795faeef4,CVE-2017-1000101,453e7a7a03a2cec749abd3878a48e728c515cca7,src/tool_urlglob.c,2017-08-09T08:00:00+00:00,MEDIUM,explicit_plus_range,explicit_id+osv_range,accept,initial_curation,Retained from supported advisory/event catalog and seeded for researcher review.
curl,curl-7_50_0,79e63a53bb9598af863b0afe49ad662795faeef4,CVE-2017-1000254,5ff2c5ff25750aba1a8f64fbcad8e5b891512584,lib/ftp.c,2017-10-04T08:00:00+00:00,HIGH,explicit_plus_range,explicit_id+osv_range,accept,initial_curation,Retained from supported advisory/event catalog and seeded for researcher review.
curl,curl-7_50_0,79e63a53bb9598af863b0afe49ad662795faeef4,CVE-2017-1000257,13c9a9ded3ae744a1e11cbc14e9146d9fa427040,lib/imap.c,2017-10-12T08:00:00+00:00,CRITICAL,explicit_plus_range,explicit_id+osv_range,accept,initial_curation,Retained from supported advisory/event catalog and seeded for researcher review.
curl,curl-7_50_0,79e63a53bb9598af863b0afe49ad662795faeef4,CVE-2017-2629,ca6ea6d9be5102a2246dff6e17b3ee9ad4ec64d0,lib/url.c,2017-02-22T08:00:00+00:00,MEDIUM,explicit_plus_range,explicit_id+osv_range,accept,initial_curation,Retained from supported advisory/event catalog and seeded for researcher review.
curl,curl-7_50_0,79e63a53bb9598af863b0afe49ad662795faeef4,CVE-2017-7407,1890d59905414ab84a35892b2e45833654aa5c13,src/tool_writeout.c,2017-04-03T08:00:00+00:00,MEDIUM,reference_plus_range,nvd_ref+osv_range+osv_ref,accept,initial_curation,Retained from supported advisory/event catalog and seeded for researcher review.
curl,curl-7_50_0,79e63a53bb9598af863b0afe49ad662795faeef4,CVE-2017-7468,33cfcfd9f0378625d3bddbd2c8ac5aad4b646f26,lib/url.c,2017-04-19T08:00:00+00:00,HIGH,explicit_plus_range,explicit_id+osv_range,accept,initial_curation,Retained from supported advisory/event catalog and seeded for researcher review.
curl,curl-7_50_0,79e63a53bb9598af863b0afe49ad662795faeef4,CVE-2017-7468,33cfcfd9f0378625d3bddbd2c8ac5aad4b646f26,lib/urldata.h,2017-04-19T08:00:00+00:00,HIGH,explicit_plus_range,explicit_id+osv_range,accept,initial_curation,Retained from supported advisory/event catalog and seeded for researcher review.
curl,curl-7_50_0,79e63a53bb9598af863b0afe49ad662795faeef4,CVE-2017-7468,33cfcfd9f0378625d3bddbd2c8ac5aad4b646f26,lib/vtls/axtls.c,2017-04-19T08:00:00+00:00,HIGH,explicit_plus_range,explicit_id+osv_range,accept,initial_curation,Retained from supported advisory/event catalog and seeded for researcher review.
curl,curl-7_50_0,79e63a53bb9598af863b0afe49ad662795faeef4,CVE-2017-7468,33cfcfd9f0378625d3bddbd2c8ac5aad4b646f26,lib/vtls/cyassl.c,2017-04-19T08:00:00+00:00,HIGH,explicit_plus_range,explicit_id+osv_range,accept,initial_curation,Retained from supported advisory/event catalog and seeded for researcher review.
curl,curl-7_50_0,79e63a53bb9598af863b0afe49ad662795faeef4,CVE-2017-7468,33cfcfd9f0378625d3bddbd2c8ac5aad4b646f26,lib/vtls/darwinssl.c,2017-04-19T08:00:00+00:00,HIGH,explicit_plus_range,explicit_id+osv_range,accept,initial_curation,Retained from supported advisory/event catalog and seeded for researcher review.
curl,curl-7_50_0,79e63a53bb9598af863b0afe49ad662795faeef4,CVE-2017-7468,33cfcfd9f0378625d3bddbd2c8ac5aad4b646f26,lib/vtls/gtls.c,2017-04-19T08:00:00+00:00,HIGH,explicit_plus_range,explicit_id+osv_range,accept,initial_curation,Retained from supported advisory/event catalog and seeded for researcher review.
curl,curl-7_50_0,79e63a53bb9598af863b0afe49ad662795faeef4,CVE-2017-7468,33cfcfd9f0378625d3bddbd2c8ac5aad4b646f26,lib/vtls/mbedtls.c,2017-04-19T08:00:00+00:00,HIGH,explicit_plus_range,explicit_id+osv_range,accept,initial_curation,Retained from supported advisory/event catalog and seeded for researcher review.
curl,curl-7_50_0,79e63a53bb9598af863b0afe49ad662795faeef4,CVE-2017-7468,33cfcfd9f0378625d3bddbd2c8ac5aad4b646f26,lib/vtls/nss.c,2017-04-19T08:00:00+00:00,HIGH,explicit_plus_range,explicit_id+osv_range,accept,initial_curation,Retained from supported advisory/event catalog and seeded for researcher review.
curl,curl-7_50_0,79e63a53bb9598af863b0afe49ad662795faeef4,CVE-2017-7468,33cfcfd9f0378625d3bddbd2c8ac5aad4b646f26,lib/vtls/openssl.c,2017-04-19T08:00:00+00:00,HIGH,explicit_plus_range,explicit_id+osv_range,accept,initial_curation,Retained from supported advisory/event catalog and seeded for researcher review.
curl,curl-7_50_0,79e63a53bb9598af863b0afe49ad662795faeef4,CVE-2017-7468,33cfcfd9f0378625d3bddbd2c8ac5aad4b646f26,lib/vtls/polarssl.c,2017-04-19T08:00:00+00:00,HIGH,explicit_plus_range,explicit_id+osv_range,accept,initial_curation,Retained from supported advisory/event catalog and seeded for researcher review.
curl,curl-7_50_0,79e63a53bb9598af863b0afe49ad662795faeef4,CVE-2017-7468,33cfcfd9f0378625d3bddbd2c8ac5aad4b646f26,lib/vtls/schannel.c,2017-04-19T08:00:00+00:00,HIGH,explicit_plus_range,explicit_id+osv_range,accept,initial_curation,Retained from supported advisory/event catalog and seeded for researcher review.
curl,curl-7_50_0,79e63a53bb9598af863b0afe49ad662795faeef4,CVE-2017-7468,33cfcfd9f0378625d3bddbd2c8ac5aad4b646f26,lib/vtls/vtls.c,2017-04-19T08:00:00+00:00,HIGH,explicit_plus_range,explicit_id+osv_range,accept,initial_curation,Retained from supported advisory/event catalog and seeded for researcher review.
curl,curl-7_50_0,79e63a53bb9598af863b0afe49ad662795faeef4,CVE-2017-8816,7f2a1df6f5fc598750b2c6f34465c8d924db28cc,lib/curl_ntlm_core.c,2017-11-29T08:00:00+00:00,CRITICAL,explicit_plus_range,explicit_id+osv_range,accept,initial_curation,Retained from supported advisory/event catalog and seeded for researcher review.
curl,curl-7_50_0,79e63a53bb9598af863b0afe49ad662795faeef4,CVE-2017-8817,0b664ba968437715819bfe4c7ada5679d16ebbc3,lib/curl_fnmatch.c,2017-11-29T08:00:00+00:00,CRITICAL,explicit_plus_range,explicit_id+osv_range,accept,initial_curation,Retained from supported advisory/event catalog and seeded for researcher review.
curl,curl-7_50_0,79e63a53bb9598af863b0afe49ad662795faeef4,CVE-2017-8818,9b5e12a5491d2e6b68e0c88ca56f3a9ef9fba400,lib/url.c,2017-11-29T08:00:00+00:00,CRITICAL,explicit_plus_range,explicit_id+osv_range,accept,initial_curation,Retained from supported advisory/event catalog and seeded for researcher review.
curl,curl-7_50_0,79e63a53bb9598af863b0afe49ad662795faeef4,CVE-2017-8818,9b5e12a5491d2e6b68e0c88ca56f3a9ef9fba400,lib/urldata.h,2017-11-29T08:00:00+00:00,CRITICAL,explicit_plus_range,explicit_id+osv_range,accept,initial_curation,Retained from supported advisory/event catalog and seeded for researcher review.
curl,curl-7_50_0,79e63a53bb9598af863b0afe49ad662795faeef4,CVE-2017-9502,5d7952f52e410e1d4a8ff1965e5cc6fc1bde86aa,lib/url.c,2017-06-14T08:00:00+00:00,HIGH,explicit_plus_range,explicit_id+osv_range,accept,initial_curation,Retained from supported advisory/event catalog and seeded for researcher review.
curl,curl-7_50_0,79e63a53bb9598af863b0afe49ad662795faeef4,CVE-2018-0500,ba1dbd78e5f1ed67c1b8d37ac89d90e5e330b628,lib/smtp.c,2018-07-11T08:00:00+00:00,CRITICAL,explicit_plus_reference_plus_range,explicit_id+nvd_ref+osv_range+osv_ref,accept,initial_curation,Retained from supported advisory/event catalog and seeded for researcher review.
curl,curl-7_50_0,79e63a53bb9598af863b0afe49ad662795faeef4,CVE-2018-1000300,583b42cb3b809b1bf597af160468ccba728c2248,lib/pingpong.c,2018-05-16T08:00:00+00:00,CRITICAL,explicit_plus_range,explicit_id+osv_range,accept,initial_curation,Retained from supported advisory/event catalog and seeded for researcher review.
curl,curl-7_61_1,432eb5f5c254ee8383b2522ce597c9219877923e,CVE-2018-16839,f3a24d7916b9173c69a3e0ee790102993833d6c5,lib/vauth/cleartext.c,2018-10-31T08:00:00+00:00,CRITICAL,explicit_plus_reference_plus_range,explicit_id+nvd_ref+osv_range+osv_ref,accept,initial_curation,Retained from supported advisory/event catalog and seeded for researcher review.
curl,curl-7_61_1,432eb5f5c254ee8383b2522ce597c9219877923e,CVE-2018-16840,81d135d67155c5295b1033679c606165d4e28f3f,lib/url.c,2018-10-31T08:00:00+00:00,CRITICAL,explicit_plus_reference_plus_range,explicit_id+nvd_ref+osv_range+osv_ref,accept,initial_curation,Retained from supported advisory/event catalog and seeded for researcher review.
curl,curl-7_61_1,432eb5f5c254ee8383b2522ce597c9219877923e,CVE-2018-16842,d530e92f59ae9bb2d47066c3c460b25d2ffeb211,src/tool_msgs.c,2018-10-31T08:00:00+00:00,CRITICAL,explicit_plus_reference_plus_range,explicit_id+nvd_ref+osv_range+osv_ref,accept,initial_curation,Retained from supported advisory/event catalog and seeded for researcher review.
curl,curl-7_61_1,432eb5f5c254ee8383b2522ce597c9219877923e,CVE-2018-16890,b780b30d1377adb10bbe774835f49e9b237fb9bb,lib/vauth/ntlm.c,2019-02-06T08:00:00+00:00,HIGH,explicit_plus_range,explicit_id+osv_range,accept,initial_curation,Retained from supported advisory/event catalog and seeded for researcher review.
curl,curl-7_61_1,432eb5f5c254ee8383b2522ce597c9219877923e,CVE-2019-15601,1b71bc532bde8621fd3260843f8197182a467ff2,lib/file.c,2020-01-06T09:05:37+00:00,UNKNOWN,explicit_only,explicit_id,accept,initial_curation,Retained from supported advisory/event catalog and seeded for researcher review.
curl,curl-7_61_1,432eb5f5c254ee8383b2522ce597c9219877923e,CVE-2019-3822,50c9484278c63b958655a717844f0721263939cc,lib/vauth/ntlm.c,2019-02-06T08:00:00+00:00,CRITICAL,explicit_plus_range,explicit_id+osv_range,accept,initial_curation,Retained from supported advisory/event catalog and seeded for researcher review.
curl,curl-7_61_1,432eb5f5c254ee8383b2522ce597c9219877923e,CVE-2019-3823,39df4073e5413fcdbb5a38da0c1ce6f1c0ceb484,lib/smtp.c,2019-02-06T08:00:00+00:00,HIGH,explicit_plus_range,explicit_id+osv_range,accept,initial_curation,Retained from supported advisory/event catalog and seeded for researcher review.
curl,curl-7_61_1,432eb5f5c254ee8383b2522ce597c9219877923e,CVE-2019-5436,2576003415625d7b5f0e390902f8097830b82275,lib/tftp.c,2019-05-22T08:00:00+00:00,HIGH,explicit_plus_range,explicit_id+osv_range,accept,initial_curation,Retained from supported advisory/event catalog and seeded for researcher review.
curl,curl-7_61_1,432eb5f5c254ee8383b2522ce597c9219877923e,CVE-2019-5481,9069838b30fb3b48af0123e39f664cea683254a5,lib/security.c,2019-09-11T08:00:00+00:00,CRITICAL,explicit_plus_range,explicit_id+osv_range,accept,initial_curation,Retained from supported advisory/event catalog and seeded for researcher review.
curl,curl-7_61_1,432eb5f5c254ee8383b2522ce597c9219877923e,CVE-2019-5482,facb0e4662415b5f28163e853dc6742ac5fafb3d,lib/tftp.c,2019-09-11T08:00:00+00:00,CRITICAL,explicit_plus_range,explicit_id+osv_range,accept,initial_curation,Retained from supported advisory/event catalog and seeded for researcher review.
curl,curl-7_61_1,432eb5f5c254ee8383b2522ce597c9219877923e,CVE-2020-8177,8236aba58542c5f89f1d41ca09d84579efb05e22,src/tool_cb_hdr.c,2020-06-24T08:00:00+00:00,HIGH,explicit_plus_range,explicit_id+osv_range,accept,initial_curation,Retained from supported advisory/event catalog and seeded for researcher review.
curl,curl-7_61_1,432eb5f5c254ee8383b2522ce597c9219877923e,CVE-2020-8177,8236aba58542c5f89f1d41ca09d84579efb05e22,src/tool_getparam.c,2020-06-24T08:00:00+00:00,HIGH,explicit_plus_range,explicit_id+osv_range,accept,initial_curation,Retained from supported advisory/event catalog and seeded for researcher review.
curl,curl-7_61_1,432eb5f5c254ee8383b2522ce597c9219877923e,CVE-2020-8231,3c9e021f86872baae412a427e807fbfa2f3e8a22,lib/connect.c,2020-08-19T08:00:00+00:00,HIGH,explicit_plus_range,explicit_id+osv_range,accept,initial_curation,Retained from supported advisory/event catalog and seeded for researcher review.
curl,curl-7_61_1,432eb5f5c254ee8383b2522ce597c9219877923e,CVE-2020-8231,3c9e021f86872baae412a427e807fbfa2f3e8a22,lib/easy.c,2020-08-19T08:00:00+00:00,HIGH,explicit_plus_range,explicit_id+osv_range,accept,initial_curation,Retained from supported advisory/event catalog and seeded for researcher review.
curl,curl-7_61_1,432eb5f5c254ee8383b2522ce597c9219877923e,CVE-2020-8231,3c9e021f86872baae412a427e807fbfa2f3e8a22,lib/multi.c,2020-08-19T08:00:00+00:00,HIGH,explicit_plus_range,explicit_id+osv_range,accept,initial_curation,Retained from supported advisory/event catalog and seeded for researcher review.
curl,curl-7_61_1,432eb5f5c254ee8383b2522ce597c9219877923e,CVE-2020-8231,3c9e021f86872baae412a427e807fbfa2f3e8a22,lib/url.c,2020-08-19T08:00:00+00:00,HIGH,explicit_plus_range,explicit_id+osv_range,accept,initial_curation,Retained from supported advisory/event catalog and seeded for researcher review.
curl,curl-7_61_1,432eb5f5c254ee8383b2522ce597c9219877923e,CVE-2020-8231,3c9e021f86872baae412a427e807fbfa2f3e8a22,lib/urldata.h,2020-08-19T08:00:00+00:00,HIGH,explicit_plus_range,explicit_id+osv_range,accept,initial_curation,Retained from supported advisory/event catalog and seeded for researcher review.
curl,curl-7_73_0,315ee3fe75dade912b48a21ceec9ccda0230d937,CVE-2020-8284,ec9cc725d598ac77de7b6df8afeec292b3c8ad46,lib/url.c,2020-12-09T08:00:00+00:00,LOW,explicit_plus_range,explicit_id+osv_range,accept,initial_curation,Retained from supported advisory/event catalog and seeded for researcher review.
curl,curl-7_73_0,315ee3fe75dade912b48a21ceec9ccda0230d937,CVE-2020-8284,ec9cc725d598ac77de7b6df8afeec292b3c8ad46,src/tool_cfgable.c,2020-12-09T08:00:00+00:00,LOW,explicit_plus_range,explicit_id+osv_range,accept,initial_curation,Retained from supported advisory/event catalog and seeded for researcher review.
curl,curl-7_73_0,315ee3fe75dade912b48a21ceec9ccda0230d937,CVE-2020-8285,69a358f2186e04cf44698b5100332cbf1ee7f01d,lib/ftp.c,2020-12-09T08:00:00+00:00,HIGH,explicit_plus_range,explicit_id+osv_range,accept,initial_curation,Retained from supported advisory/event catalog and seeded for researcher review.
curl,curl-7_73_0,315ee3fe75dade912b48a21ceec9ccda0230d937,CVE-2020-8286,d9d01672785b8ac04aab1abb6de95fe3072ae199,lib/vtls/openssl.c,2020-12-09T08:00:00+00:00,HIGH,explicit_plus_range,explicit_id+osv_range,accept,initial_curation,Retained from supported advisory/event catalog and seeded for researcher review.
curl,curl-7_73_0,315ee3fe75dade912b48a21ceec9ccda0230d937,CVE-2021-22876,7214288898f5625a6cc196e22a74232eada7861c,lib/transfer.c,2021-03-31T08:00:00+00:00,MEDIUM,explicit_plus_range,explicit_id+osv_range,accept,initial_curation,Retained from supported advisory/event catalog and seeded for researcher review.
curl,curl-7_73_0,315ee3fe75dade912b48a21ceec9ccda0230d937,CVE-2021-22890,b09c8ee15771c614c4bf3ddac893cdb12187c844,lib/vtls/bearssl.c,2021-03-31T08:00:00+00:00,LOW,explicit_plus_range,explicit_id+osv_range,accept,initial_curation,Retained from supported advisory/event catalog and seeded for researcher review.
curl,curl-7_73_0,315ee3fe75dade912b48a21ceec9ccda0230d937,CVE-2021-22890,b09c8ee15771c614c4bf3ddac893cdb12187c844,lib/vtls/gtls.c,2021-03-31T08:00:00+00:00,LOW,explicit_plus_range,explicit_id+osv_range,accept,initial_curation,Retained from supported advisory/event catalog and seeded for researcher review.
curl,curl-7_73_0,315ee3fe75dade912b48a21ceec9ccda0230d937,CVE-2021-22890,b09c8ee15771c614c4bf3ddac893cdb12187c844,lib/vtls/mbedtls.c,2021-03-31T08:00:00+00:00,LOW,explicit_plus_range,explicit_id+osv_range,accept,initial_curation,Retained from supported advisory/event catalog and seeded for researcher review.
curl,curl-7_73_0,315ee3fe75dade912b48a21ceec9ccda0230d937,CVE-2021-22890,b09c8ee15771c614c4bf3ddac893cdb12187c844,lib/vtls/mesalink.c,2021-03-31T08:00:00+00:00,LOW,explicit_plus_range,explicit_id+osv_range,accept,initial_curation,Retained from supported advisory/event catalog and seeded for researcher review.
curl,curl-7_73_0,315ee3fe75dade912b48a21ceec9ccda0230d937,CVE-2021-22890,b09c8ee15771c614c4bf3ddac893cdb12187c844,lib/vtls/openssl.c,2021-03-31T08:00:00+00:00,LOW,explicit_plus_range,explicit_id+osv_range,accept,initial_curation,Retained from supported advisory/event catalog and seeded for researcher review.
curl,curl-7_73_0,315ee3fe75dade912b48a21ceec9ccda0230d937,CVE-2021-22890,b09c8ee15771c614c4bf3ddac893cdb12187c844,lib/vtls/schannel.c,2021-03-31T08:00:00+00:00,LOW,explicit_plus_range,explicit_id+osv_range,accept,initial_curation,Retained from supported advisory/event catalog and seeded for researcher review.
curl,curl-7_73_0,315ee3fe75dade912b48a21ceec9ccda0230d937,CVE-2021-22890,b09c8ee15771c614c4bf3ddac893cdb12187c844,lib/vtls/sectransp.c,2021-03-31T08:00:00+00:00,LOW,explicit_plus_range,explicit_id+osv_range,accept,initial_curation,Retained from supported advisory/event catalog and seeded for researcher review.
curl,curl-7_73_0,315ee3fe75dade912b48a21ceec9ccda0230d937,CVE-2021-22890,b09c8ee15771c614c4bf3ddac893cdb12187c844,lib/vtls/vtls.c,2021-03-31T08:00:00+00:00,LOW,explicit_plus_range,explicit_id+osv_range,accept,initial_curation,Retained from supported advisory/event catalog and seeded for researcher review.
curl,curl-7_73_0,315ee3fe75dade912b48a21ceec9ccda0230d937,CVE-2021-22890,b09c8ee15771c614c4bf3ddac893cdb12187c844,lib/vtls/vtls.h,2021-03-31T08:00:00+00:00,LOW,explicit_plus_range,explicit_id+osv_range,accept,initial_curation,Retained from supported advisory/event catalog and seeded for researcher review.
curl,curl-7_73_0,315ee3fe75dade912b48a21ceec9ccda0230d937,CVE-2021-22890,b09c8ee15771c614c4bf3ddac893cdb12187c844,lib/vtls/wolfssl.c,2021-03-31T08:00:00+00:00,LOW,explicit_plus_range,explicit_id+osv_range,accept,initial_curation,Retained from supported advisory/event catalog and seeded for researcher review.
curl,curl-7_73_0,315ee3fe75dade912b48a21ceec9ccda0230d937,CVE-2021-22897,bbb71507b7bab52002f9b1e0880bed6a32834511,lib/vtls/schannel.c,2021-05-26T08:00:00+00:00,MEDIUM,explicit_plus_reference_plus_range,explicit_id+nvd_ref+osv_range+osv_ref,accept,initial_curation,Retained from supported advisory/event catalog and seeded for researcher review.
curl,curl-7_73_0,315ee3fe75dade912b48a21ceec9ccda0230d937,CVE-2021-22897,bbb71507b7bab52002f9b1e0880bed6a32834511,lib/vtls/schannel.h,2021-05-26T08:00:00+00:00,MEDIUM,explicit_plus_reference_plus_range,explicit_id+nvd_ref+osv_range+osv_ref,accept,initial_curation,Retained from supported advisory/event catalog and seeded for researcher review.
curl,curl-7_73_0,315ee3fe75dade912b48a21ceec9ccda0230d937,CVE-2021-22898,39ce47f219b09c380b81f89fe54ac586c8db6bde,lib/telnet.c,2021-05-26T08:00:00+00:00,MEDIUM,explicit_plus_reference_plus_range,explicit_id+nvd_ref+osv_range+osv_ref,accept,initial_curation,Retained from supported advisory/event catalog and seeded for researcher review.
curl,curl-7_73_0,315ee3fe75dade912b48a21ceec9ccda0230d937,CVE-2021-22901,7f4a9a9b2a49547eae24d2e19bc5c346e9026479,lib/multi.c,2021-05-26T08:00:00+00:00,HIGH,explicit_plus_reference_plus_range,explicit_id+nvd_ref+osv_range+osv_ref,accept,initial_curation,Retained from supported advisory/event catalog and seeded for researcher review.
curl,curl-7_73_0,315ee3fe75dade912b48a21ceec9ccda0230d937,CVE-2021-22901,7f4a9a9b2a49547eae24d2e19bc5c346e9026479,lib/vtls/gskit.c,2021-05-26T08:00:00+00:00,HIGH,explicit_plus_reference_plus_range,explicit_id+nvd_ref+osv_range+osv_ref,accept,initial_curation,Retained from supported advisory/event catalog and seeded for researcher review.
curl,curl-7_73_0,315ee3fe75dade912b48a21ceec9ccda0230d937,CVE-2021-22901,7f4a9a9b2a49547eae24d2e19bc5c346e9026479,lib/vtls/gtls.c,2021-05-26T08:00:00+00:00,HIGH,explicit_plus_reference_plus_range,explicit_id+nvd_ref+osv_range+osv_ref,accept,initial_curation,Retained from supported advisory/event catalog and seeded for researcher review.
curl,curl-7_73_0,315ee3fe75dade912b48a21ceec9ccda0230d937,CVE-2021-22901,7f4a9a9b2a49547eae24d2e19bc5c346e9026479,lib/vtls/mbedtls.c,2021-05-26T08:00:00+00:00,HIGH,explicit_plus_reference_plus_range,explicit_id+nvd_ref+osv_range+osv_ref,accept,initial_curation,Retained from supported advisory/event catalog and seeded for researcher review.
curl,curl-7_73_0,315ee3fe75dade912b48a21ceec9ccda0230d937,CVE-2021-22901,7f4a9a9b2a49547eae24d2e19bc5c346e9026479,lib/vtls/mesalink.c,2021-05-26T08:00:00+00:00,HIGH,explicit_plus_reference_plus_range,explicit_id+nvd_ref+osv_range+osv_ref,accept,initial_curation,Retained from supported advisory/event catalog and seeded for researcher review.
curl,curl-7_73_0,315ee3fe75dade912b48a21ceec9ccda0230d937,CVE-2021-22901,7f4a9a9b2a49547eae24d2e19bc5c346e9026479,lib/vtls/nss.c,2021-05-26T08:00:00+00:00,HIGH,explicit_plus_reference_plus_range,explicit_id+nvd_ref+osv_range+osv_ref,accept,initial_curation,Retained from supported advisory/event catalog and seeded for researcher review.
curl,curl-7_73_0,315ee3fe75dade912b48a21ceec9ccda0230d937,CVE-2021-22901,7f4a9a9b2a49547eae24d2e19bc5c346e9026479,lib/vtls/openssl.c,2021-05-26T08:00:00+00:00,HIGH,explicit_plus_reference_plus_range,explicit_id+nvd_ref+osv_range+osv_ref,accept,initial_curation,Retained from supported advisory/event catalog and seeded for researcher review.
curl,curl-7_73_0,315ee3fe75dade912b48a21ceec9ccda0230d937,CVE-2021-22901,7f4a9a9b2a49547eae24d2e19bc5c346e9026479,lib/vtls/schannel.c,2021-05-26T08:00:00+00:00,HIGH,explicit_plus_reference_plus_range,explicit_id+nvd_ref+osv_range+osv_ref,accept,initial_curation,Retained from supported advisory/event catalog and seeded for researcher review.
curl,curl-7_73_0,315ee3fe75dade912b48a21ceec9ccda0230d937,CVE-2021-22901,7f4a9a9b2a49547eae24d2e19bc5c346e9026479,lib/vtls/sectransp.c,2021-05-26T08:00:00+00:00,HIGH,explicit_plus_reference_plus_range,explicit_id+nvd_ref+osv_range+osv_ref,accept,initial_curation,Retained from supported advisory/event catalog and seeded for researcher review.
curl,curl-7_73_0,315ee3fe75dade912b48a21ceec9ccda0230d937,CVE-2021-22901,7f4a9a9b2a49547eae24d2e19bc5c346e9026479,lib/vtls/vtls.c,2021-05-26T08:00:00+00:00,HIGH,explicit_plus_reference_plus_range,explicit_id+nvd_ref+osv_range+osv_ref,accept,initial_curation,Retained from supported advisory/event catalog and seeded for researcher review.
curl,curl-7_73_0,315ee3fe75dade912b48a21ceec9ccda0230d937,CVE-2021-22901,7f4a9a9b2a49547eae24d2e19bc5c346e9026479,lib/vtls/vtls.h,2021-05-26T08:00:00+00:00,HIGH,explicit_plus_reference_plus_range,explicit_id+nvd_ref+osv_range+osv_ref,accept,initial_curation,Retained from supported advisory/event catalog and seeded for researcher review.
curl,curl-7_73_0,315ee3fe75dade912b48a21ceec9ccda0230d937,CVE-2021-22901,7f4a9a9b2a49547eae24d2e19bc5c346e9026479,lib/vtls/wolfssl.c,2021-05-26T08:00:00+00:00,HIGH,explicit_plus_reference_plus_range,explicit_id+nvd_ref+osv_range+osv_ref,accept,initial_curation,Retained from supported advisory/event catalog and seeded for researcher review.
curl,curl-7_73_0,315ee3fe75dade912b48a21ceec9ccda0230d937,CVE-2021-22924,5ea3145850ebff1dc2b13d17440300a01ca38161,lib/url.c,2021-07-21T08:00:00+00:00,MEDIUM,explicit_plus_range,explicit_id+osv_range,accept,initial_curation,Retained from supported advisory/event catalog and seeded for researcher review.
curl,curl-7_73_0,315ee3fe75dade912b48a21ceec9ccda0230d937,CVE-2021-22924,5ea3145850ebff1dc2b13d17440300a01ca38161,lib/urldata.h,2021-07-21T08:00:00+00:00,MEDIUM,explicit_plus_range,explicit_id+osv_range,accept,initial_curation,Retained from supported advisory/event catalog and seeded for researcher review.
curl,curl-7_73_0,315ee3fe75dade912b48a21ceec9ccda0230d937,CVE-2021-22924,5ea3145850ebff1dc2b13d17440300a01ca38161,lib/vtls/gtls.c,2021-07-21T08:00:00+00:00,MEDIUM,explicit_plus_range,explicit_id+osv_range,accept,initial_curation,Retained from supported advisory/event catalog and seeded for researcher review.
curl,curl-7_73_0,315ee3fe75dade912b48a21ceec9ccda0230d937,CVE-2021-22924,5ea3145850ebff1dc2b13d17440300a01ca38161,lib/vtls/nss.c,2021-07-21T08:00:00+00:00,MEDIUM,explicit_plus_range,explicit_id+osv_range,accept,initial_curation,Retained from supported advisory/event catalog and seeded for researcher review.
curl,curl-7_73_0,315ee3fe75dade912b48a21ceec9ccda0230d937,CVE-2021-22924,5ea3145850ebff1dc2b13d17440300a01ca38161,lib/vtls/openssl.c,2021-07-21T08:00:00+00:00,MEDIUM,explicit_plus_range,explicit_id+osv_range,accept,initial_curation,Retained from supported advisory/event catalog and seeded for researcher review.
curl,curl-7_73_0,315ee3fe75dade912b48a21ceec9ccda0230d937,CVE-2021-22924,5ea3145850ebff1dc2b13d17440300a01ca38161,lib/vtls/vtls.c,2021-07-21T08:00:00+00:00,MEDIUM,explicit_plus_range,explicit_id+osv_range,accept,initial_curation,Retained from supported advisory/event catalog and seeded for researcher review.
curl,curl-7_73_0,315ee3fe75dade912b48a21ceec9ccda0230d937,CVE-2021-22925,894f6ec730597eb243618d33cc84d71add8d6a8a,lib/telnet.c,2021-07-21T08:00:00+00:00,MEDIUM,explicit_plus_range,explicit_id+osv_range,accept,initial_curation,Retained from supported advisory/event catalog and seeded for researcher review.
curl,curl-7_73_0,315ee3fe75dade912b48a21ceec9ccda0230d937,CVE-2021-22926,fd9b40bf8dfd43edcbc0d254d613d95a11061c05,lib/vtls/sectransp.c,2021-07-21T08:00:00+00:00,HIGH,explicit_plus_range,explicit_id+osv_range,accept,initial_curation,Retained from supported advisory/event catalog and seeded for researcher review.
curl,curl-7_73_0,315ee3fe75dade912b48a21ceec9ccda0230d937,CVE-2021-22945,43157490a5054bd24256fe12876931e8abc9df49,lib/mqtt.c,2021-09-15T08:00:00+00:00,CRITICAL,explicit_plus_range,explicit_id+osv_range,accept,initial_curation,Retained from supported advisory/event catalog and seeded for researcher review.
curl,curl-7_73_0,315ee3fe75dade912b48a21ceec9ccda0230d937,CVE-2021-22946,364f174724ef115c63d5e5dc1d3342c8a43b1cca,lib/ftp.c,2021-09-15T08:00:00+00:00,HIGH,explicit_plus_range,explicit_id+osv_range,accept,initial_curation,Retained from supported advisory/event catalog and seeded for researcher review.
curl,curl-7_73_0,315ee3fe75dade912b48a21ceec9ccda0230d937,CVE-2021-22946,364f174724ef115c63d5e5dc1d3342c8a43b1cca,lib/imap.c,2021-09-15T08:00:00+00:00,HIGH,explicit_plus_range,explicit_id+osv_range,accept,initial_curation,Retained from supported advisory/event catalog and seeded for researcher review.
curl,curl-7_73_0,315ee3fe75dade912b48a21ceec9ccda0230d937,CVE-2021-22946,364f174724ef115c63d5e5dc1d3342c8a43b1cca,lib/pop3.c,2021-09-15T08:00:00+00:00,HIGH,explicit_plus_range,explicit_id+osv_range,accept,initial_curation,Retained from supported advisory/event catalog and seeded for researcher review.
curl,curl-7_73_0,315ee3fe75dade912b48a21ceec9ccda0230d937,CVE-2021-22947,8ef147c43646e91fdaad5d0e7b60351f842e5c68,lib/ftp.c,2021-09-15T08:00:00+00:00,MEDIUM,explicit_plus_range,explicit_id+osv_range,accept,initial_curation,Retained from supported advisory/event catalog and seeded for researcher review.
curl,curl-7_73_0,315ee3fe75dade912b48a21ceec9ccda0230d937,CVE-2021-22947,8ef147c43646e91fdaad5d0e7b60351f842e5c68,lib/imap.c,2021-09-15T08:00:00+00:00,MEDIUM,explicit_plus_range,explicit_id+osv_range,accept,initial_curation,Retained from supported advisory/event catalog and seeded for researcher review.
curl,curl-7_73_0,315ee3fe75dade912b48a21ceec9ccda0230d937,CVE-2021-22947,8ef147c43646e91fdaad5d0e7b60351f842e5c68,lib/pop3.c,2021-09-15T08:00:00+00:00,MEDIUM,explicit_plus_range,explicit_id+osv_range,accept,initial_curation,Retained from supported advisory/event catalog and seeded for researcher review.
curl,curl-7_73_0,315ee3fe75dade912b48a21ceec9ccda0230d937,CVE-2021-22947,8ef147c43646e91fdaad5d0e7b60351f842e5c68,lib/smtp.c,2021-09-15T08:00:00+00:00,MEDIUM,explicit_plus_range,explicit_id+osv_range,accept,initial_curation,Retained from supported advisory/event catalog and seeded for researcher review.
curl,curl-7_73_0,315ee3fe75dade912b48a21ceec9ccda0230d937,CVE-2022-22576,852aa5ad351ea53e5f01d2f44b5b4370c2bf5425,lib/strcase.c,2022-04-27T08:00:00+00:00,HIGH,explicit_plus_range,explicit_id+osv_range,accept,initial_curation,Retained from supported advisory/event catalog and seeded for researcher review.
curl,curl-7_73_0,315ee3fe75dade912b48a21ceec9ccda0230d937,CVE-2022-22576,852aa5ad351ea53e5f01d2f44b5b4370c2bf5425,lib/strcase.h,2022-04-27T08:00:00+00:00,HIGH,explicit_plus_range,explicit_id+osv_range,accept,initial_curation,Retained from supported advisory/event catalog and seeded for researcher review.
curl,curl-7_73_0,315ee3fe75dade912b48a21ceec9ccda0230d937,CVE-2022-22576,852aa5ad351ea53e5f01d2f44b5b4370c2bf5425,lib/url.c,2022-04-27T08:00:00+00:00,HIGH,explicit_plus_range,explicit_id+osv_range,accept,initial_curation,Retained from supported advisory/event catalog and seeded for researcher review.
curl,curl-7_73_0,315ee3fe75dade912b48a21ceec9ccda0230d937,CVE-2022-22576,852aa5ad351ea53e5f01d2f44b5b4370c2bf5425,lib/urldata.h,2022-04-27T08:00:00+00:00,HIGH,explicit_plus_range,explicit_id+osv_range,accept,initial_curation,Retained from supported advisory/event catalog and seeded for researcher review.
curl,curl-7_73_0,315ee3fe75dade912b48a21ceec9ccda0230d937,CVE-2022-22576,852aa5ad351ea53e5f01d2f44b5b4370c2bf5425,lib/vtls/vtls.c,2022-04-27T08:00:00+00:00,HIGH,explicit_plus_range,explicit_id+osv_range,accept,initial_curation,Retained from supported advisory/event catalog and seeded for researcher review.
curl,curl-7_73_0,315ee3fe75dade912b48a21ceec9ccda0230d937,CVE-2022-27774,620ea21410030a9977396b4661806bc187231b79,lib/transfer.c,2022-04-27T08:00:00+00:00,MEDIUM,explicit_plus_range,explicit_id+osv_range,accept,initial_curation,Retained from supported advisory/event catalog and seeded for researcher review.
curl,curl-7_73_0,315ee3fe75dade912b48a21ceec9ccda0230d937,CVE-2022-27775,058f98dc3fe595f21dc26a5b9b1699e519ba5705,lib/conncache.c,2022-04-27T08:00:00+00:00,HIGH,explicit_plus_range,explicit_id+osv_range,accept,initial_curation,Retained from supported advisory/event catalog and seeded for researcher review.
curl,curl-7_73_0,315ee3fe75dade912b48a21ceec9ccda0230d937,CVE-2022-27776,6e659993952aa5f90f48864be84a1bbb047fc258,lib/http.c,2022-04-27T08:00:00+00:00,MEDIUM,explicit_plus_range,explicit_id+osv_range,accept,initial_curation,Retained from supported advisory/event catalog and seeded for researcher review.
curl,curl-7_73_0,315ee3fe75dade912b48a21ceec9ccda0230d937,CVE-2022-27776,6e659993952aa5f90f48864be84a1bbb047fc258,lib/urldata.h,2022-04-27T08:00:00+00:00,MEDIUM,explicit_plus_range,explicit_id+osv_range,accept,initial_curation,Retained from supported advisory/event catalog and seeded for researcher review.
curl,curl-7_73_0,315ee3fe75dade912b48a21ceec9ccda0230d937,CVE-2022-27778,8c7ee9083d0d719d0a77ab20d9cc2ae84eeea7f3,src/tool_operate.c,2022-05-11T08:00:00+00:00,HIGH,explicit_plus_range,explicit_id+osv_range,accept,initial_curation,Retained from supported advisory/event catalog and seeded for researcher review.
curl,curl-7_73_0,315ee3fe75dade912b48a21ceec9ccda0230d937,CVE-2022-27779,7e92d12b4e6911f424678a133b19de670e183a59,lib/cookie.c,2022-05-11T08:00:00+00:00,MEDIUM,explicit_plus_range,explicit_id+osv_range,accept,initial_curation,Retained from supported advisory/event catalog and seeded for researcher review.
curl,curl-7_73_0,315ee3fe75dade912b48a21ceec9ccda0230d937,CVE-2022-27780,914aaab9153764ef8fa4178215b8ad89d3ac263a,lib/urlapi.c,2022-05-11T08:00:00+00:00,MEDIUM,explicit_plus_range,explicit_id+osv_range,accept,initial_curation,Retained from supported advisory/event catalog and seeded for researcher review.
curl,curl-7_73_0,315ee3fe75dade912b48a21ceec9ccda0230d937,CVE-2022-27781,5c7da89d404bf59c8dd82a001119a16d18365917,lib/vtls/nss.c,2022-05-11T08:00:00+00:00,HIGH,explicit_plus_range,explicit_id+osv_range,accept,initial_curation,Retained from supported advisory/event catalog and seeded for researcher review.
curl,curl-7_73_0,315ee3fe75dade912b48a21ceec9ccda0230d937,CVE-2022-27782,1645e9b44505abd5cbaf65da5282c3f33b5924a5,lib/url.c,2022-05-11T08:00:00+00:00,HIGH,explicit_plus_range,explicit_id+osv_range,accept,initial_curation,Retained from supported advisory/event catalog and seeded for researcher review.
curl,curl-7_73_0,315ee3fe75dade912b48a21ceec9ccda0230d937,CVE-2022-27782,1645e9b44505abd5cbaf65da5282c3f33b5924a5,lib/vssh/ssh.h,2022-05-11T08:00:00+00:00,HIGH,explicit_plus_range,explicit_id+osv_range,accept,initial_curation,Retained from supported advisory/event catalog and seeded for researcher review.
curl,curl-7_73_0,315ee3fe75dade912b48a21ceec9ccda0230d937,CVE-2022-30115,fae6fea209a2d4db1582f608bd8cc8000721733a,nan,2022-05-09T10:54:39+00:00,UNKNOWN,explicit_only,explicit_id,accept,initial_curation,Retained from supported advisory/event catalog and seeded for researcher review.
curl,curl-7_73_0,315ee3fe75dade912b48a21ceec9ccda0230d937,CVE-2022-32205,48d7064a49148f03942380967da739dcde1cdc24,lib/cookie.c,2022-06-27T08:00:00+00:00,MEDIUM,explicit_plus_range,explicit_id+osv_range,accept,initial_curation,Retained from supported advisory/event catalog and seeded for researcher review.
curl,curl-7_73_0,315ee3fe75dade912b48a21ceec9ccda0230d937,CVE-2022-32205,48d7064a49148f03942380967da739dcde1cdc24,lib/cookie.h,2022-06-27T08:00:00+00:00,MEDIUM,explicit_plus_range,explicit_id+osv_range,accept,initial_curation,Retained from supported advisory/event catalog and seeded for researcher review.
curl,curl-7_73_0,315ee3fe75dade912b48a21ceec9ccda0230d937,CVE-2022-32205,48d7064a49148f03942380967da739dcde1cdc24,lib/http.c,2022-06-27T08:00:00+00:00,MEDIUM,explicit_plus_range,explicit_id+osv_range,accept,initial_curation,Retained from supported advisory/event catalog and seeded for researcher review.
curl,curl-7_73_0,315ee3fe75dade912b48a21ceec9ccda0230d937,CVE-2022-32205,48d7064a49148f03942380967da739dcde1cdc24,lib/urldata.h,2022-06-27T08:00:00+00:00,MEDIUM,explicit_plus_range,explicit_id+osv_range,accept,initial_curation,Retained from supported advisory/event catalog and seeded for researcher review.
curl,curl-7_73_0,315ee3fe75dade912b48a21ceec9ccda0230d937,CVE-2022-32206,3a09fbb7f264c67c438d01a30669ce325aa508e2,lib/content_encoding.c,2022-06-27T08:00:00+00:00,MEDIUM,explicit_plus_range,explicit_id+osv_range,accept,initial_curation,Retained from supported advisory/event catalog and seeded for researcher review.
curl,curl-7_73_0,315ee3fe75dade912b48a21ceec9ccda0230d937,CVE-2022-32207,20f9dd6bae50b7223171b17ba7798946e74f877f,lib/cookie.c,2022-06-27T08:00:00+00:00,CRITICAL,explicit_plus_range,explicit_id+osv_range,accept,initial_curation,Retained from supported advisory/event catalog and seeded for researcher review.
curl,curl-7_73_0,315ee3fe75dade912b48a21ceec9ccda0230d937,CVE-2022-32208,6ecdf5136b52af747e7bda08db9a748256b1cd09,lib/krb5.c,2022-06-27T08:00:00+00:00,MEDIUM,explicit_plus_range,explicit_id+osv_range,accept,initial_curation,Retained from supported advisory/event catalog and seeded for researcher review.
curl,curl-7_73_0,315ee3fe75dade912b48a21ceec9ccda0230d937,CVE-2022-35252,8dfc93e573ca740544a2d79ebb0ed786592c65c3,lib/cookie.c,2022-08-31T08:00:00+00:00,LOW,explicit_plus_range,explicit_id+osv_range,accept,initial_curation,Retained from supported advisory/event catalog and seeded for researcher review.
curl,curl-8_6_0,5ce164e0e9290c96eb7d502173426c0a135ec008,CVE-2024-7264,27959ecce75cdb2809c0bdb3286e60e08fadb519,lib/vtls/x509asn1.c,2024-07-31T08:00:00+00:00,MEDIUM,reference_plus_range,osv_range+osv_ref,accept,initial_curation,Retained from supported advisory/event catalog and seeded for researcher review.
curl,curl-8_6_0,5ce164e0e9290c96eb7d502173426c0a135ec008,CVE-2024-7264,27959ecce75cdb2809c0bdb3286e60e08fadb519,lib/vtls/x509asn1.h,2024-07-31T08:00:00+00:00,MEDIUM,reference_plus_range,osv_range+osv_ref,accept,initial_curation,Retained from supported advisory/event catalog and seeded for researcher review.
curl,curl-8_6_0,5ce164e0e9290c96eb7d502173426c0a135ec008,CVE-2025-0725,76f83f0db23846e254d940ec7,lib/content_encoding.c,2025-02-05T08:00:00+00:00,HIGH,reference_plus_range,nvd_ref+osv_range+osv_ref,accept,initial_curation,Retained from supported advisory/event catalog and seeded for researcher review.
django-django,1.9.6,6e749c21e77dc74af068c8e943a6e6850ae0bb24,CVE-2016-6186,d03bf6fe4e9bf5b07de62c1a271c4b41a7d3d158,django/views/debug.py,2016-08-05T15:59:00+00:00,MEDIUM,explicit_plus_reference_plus_range,explicit_id+osv_range+osv_ref,accept,initial_curation,Retained from supported advisory/event catalog and seeded for researcher review.
django-django,1.9.6,6e749c21e77dc74af068c8e943a6e6850ae0bb24,CVE-2016-9014,45acd6d836895a4c36575f48b3fb36a3dae98d19,django/http/request.py,2016-10-25T19:18:29+00:00,UNKNOWN,explicit_only,explicit_id,accept,initial_curation,Retained from supported advisory/event catalog and seeded for researcher review.
django-django,4.2.4,6f4c7c124a03f7b01d868cb7d1fa55564b5f2bf8,CVE-2024-11168,f663277a4c22ef96cbdebfd0ed76155b9d37b4f8,django/utils/http.py,2024-12-03T08:50:11+00:00,UNKNOWN,explicit_only,explicit_id,accept,initial_curation,Retained from supported advisory/event catalog and seeded for researcher review.
django-django,4.2.4,6f4c7c124a03f7b01d868cb7d1fa55564b5f2bf8,CVE-2024-41989,fc76660f589ac07e45e9cd34ccb8087aeb11904b,django/template/defaultfilters.py,2024-08-07T15:15:56+00:00,HIGH,explicit_plus_range,explicit_id+osv_range,accept,initial_curation,Retained from supported advisory/event catalog and seeded for researcher review.
django-django,4.2.4,6f4c7c124a03f7b01d868cb7d1fa55564b5f2bf8,CVE-2024-41990,d0a82e26a74940bf0c78204933c3bdd6a283eb88,django/utils/html.py,2024-08-07T15:15:56+00:00,HIGH,explicit_plus_range,explicit_id+osv_range,accept,initial_curation,Retained from supported advisory/event catalog and seeded for researcher review.
django-django,4.2.4,6f4c7c124a03f7b01d868cb7d1fa55564b5f2bf8,CVE-2024-41991,efea1ef7e2190e3f77ca0651b5458297bc0f6a9f,django/contrib/admin/widgets.py,2024-08-07T15:15:56+00:00,HIGH,explicit_plus_range,explicit_id+osv_range,accept,initial_curation,Retained from supported advisory/event catalog and seeded for researcher review.
django-django,4.2.4,6f4c7c124a03f7b01d868cb7d1fa55564b5f2bf8,CVE-2024-41991,efea1ef7e2190e3f77ca0651b5458297bc0f6a9f,django/utils/html.py,2024-08-07T15:15:56+00:00,HIGH,explicit_plus_range,explicit_id+osv_range,accept,initial_curation,Retained from supported advisory/event catalog and seeded for researcher review.
django-django,4.2.4,6f4c7c124a03f7b01d868cb7d1fa55564b5f2bf8,CVE-2024-42005,f4af67b9b41e0f4c117a8741da3abbd1c869ab28,django/db/models/sql/query.py,2024-08-07T15:15:56+00:00,HIGH,explicit_plus_range,explicit_id+osv_range,accept,initial_curation,Retained from supported advisory/event catalog and seeded for researcher review.
fastapi-fastapi,0.77.0,069645444547cdfb083f84e84982f03fb4e597cf,CVE-2024-24762,7633d1571cc0c2792b766f67172edb9427c66899,fastapi/__init__.py,2024-02-05T14:33:06+00:00,HIGH,explicit_plus_range,explicit_id+osv_range,accept,initial_curation,Retained from supported advisory/event catalog and seeded for researcher review.
fastapi-fastapi,0.95.2,8cc967a7605d3883bd04ceb5d25cc94ae079612f,CVE-2024-24762,7633d1571cc0c2792b766f67172edb9427c66899,fastapi/__init__.py,2024-02-05T14:33:06+00:00,HIGH,explicit_plus_range,explicit_id+osv_range,accept,initial_curation,Retained from supported advisory/event catalog and seeded for researcher review.
git,v2.0.0-rc0,cc291953df19aa4a97bee3590e708dc1fc557500,CVE-2016-2315,34fa79a6cde56d6d428ab0d3160cb094ebad3305,compat/nedmalloc/nedmalloc.c,2016-04-08T14:59:01+00:00,CRITICAL,reference_only,nvd_ref,accept,initial_curation,Retained from supported advisory/event catalog and seeded for researcher review.
git,v2.0.0-rc0,cc291953df19aa4a97bee3590e708dc1fc557500,CVE-2016-2315,34fa79a6cde56d6d428ab0d3160cb094ebad3305,fast-import.c,2016-04-08T14:59:01+00:00,CRITICAL,reference_only,nvd_ref,accept,initial_curation,Retained from supported advisory/event catalog and seeded for researcher review.
git,v2.0.0-rc0,cc291953df19aa4a97bee3590e708dc1fc557500,CVE-2016-2315,34fa79a6cde56d6d428ab0d3160cb094ebad3305,revision.c,2016-04-08T14:59:01+00:00,CRITICAL,reference_only,nvd_ref,accept,initial_curation,Retained from supported advisory/event catalog and seeded for researcher review.
git,v2.0.0-rc0,cc291953df19aa4a97bee3590e708dc1fc557500,CVE-2016-2324,de1e67d0703894cb6ea782e36abb63976ab07e60,builtin/pack-objects.c,2016-04-08T14:59:02+00:00,CRITICAL,reference_only,nvd_ref,accept,initial_curation,Retained from supported advisory/event catalog and seeded for researcher review.
git,v2.0.0-rc0,cc291953df19aa4a97bee3590e708dc1fc557500,CVE-2016-2324,de1e67d0703894cb6ea782e36abb63976ab07e60,builtin/rev-list.c,2016-04-08T14:59:02+00:00,CRITICAL,reference_only,nvd_ref,accept,initial_curation,Retained from supported advisory/event catalog and seeded for researcher review.
git,v2.0.0-rc0,cc291953df19aa4a97bee3590e708dc1fc557500,CVE-2016-2324,de1e67d0703894cb6ea782e36abb63976ab07e60,list-objects.c,2016-04-08T14:59:02+00:00,CRITICAL,reference_only,nvd_ref,accept,initial_curation,Retained from supported advisory/event catalog and seeded for researcher review.
git,v2.0.0-rc0,cc291953df19aa4a97bee3590e708dc1fc557500,CVE-2016-2324,de1e67d0703894cb6ea782e36abb63976ab07e60,list-objects.h,2016-04-08T14:59:02+00:00,CRITICAL,reference_only,nvd_ref,accept,initial_curation,Retained from supported advisory/event catalog and seeded for researcher review.
git,v2.0.0-rc0,cc291953df19aa4a97bee3590e708dc1fc557500,CVE-2016-2324,de1e67d0703894cb6ea782e36abb63976ab07e60,pack-bitmap-write.c,2016-04-08T14:59:02+00:00,CRITICAL,reference_only,nvd_ref,accept,initial_curation,Retained from supported advisory/event catalog and seeded for researcher review.
git,v2.0.0-rc0,cc291953df19aa4a97bee3590e708dc1fc557500,CVE-2016-2324,de1e67d0703894cb6ea782e36abb63976ab07e60,pack-bitmap.c,2016-04-08T14:59:02+00:00,CRITICAL,reference_only,nvd_ref,accept,initial_curation,Retained from supported advisory/event catalog and seeded for researcher review.
git,v2.0.0-rc0,cc291953df19aa4a97bee3590e708dc1fc557500,CVE-2016-2324,de1e67d0703894cb6ea782e36abb63976ab07e60,reachable.c,2016-04-08T14:59:02+00:00,CRITICAL,reference_only,nvd_ref,accept,initial_curation,Retained from supported advisory/event catalog and seeded for researcher review.
git,v2.0.0-rc0,cc291953df19aa4a97bee3590e708dc1fc557500,CVE-2016-2324,de1e67d0703894cb6ea782e36abb63976ab07e60,revision.c,2016-04-08T14:59:02+00:00,CRITICAL,reference_only,nvd_ref,accept,initial_curation,Retained from supported advisory/event catalog and seeded for researcher review.
git,v2.0.0-rc0,cc291953df19aa4a97bee3590e708dc1fc557500,CVE-2016-2324,de1e67d0703894cb6ea782e36abb63976ab07e60,revision.h,2016-04-08T14:59:02+00:00,CRITICAL,reference_only,nvd_ref,accept,initial_curation,Retained from supported advisory/event catalog and seeded for researcher review.
git,v2.13.7,0114f71344844be9e5add321cffea34bac077d75,CVE-2018-17456,a124133e1e6ab5c7a9fef6d0e6bcb084e3455b46,fsck.c,2018-10-06T14:29:00+00:00,CRITICAL,reference_plus_range,nvd_ref+osv_range+osv_ref,accept,initial_curation,Retained from supported advisory/event catalog and seeded for researcher review.
git,v2.13.7,0114f71344844be9e5add321cffea34bac077d75,CVE-2019-1348,68061e3470210703cb15594194718d35094afdc0,fast-import.c,2020-01-24T22:15:19+00:00,LOW,explicit_plus_range,explicit_id+osv_range,accept,initial_curation,Retained from supported advisory/event catalog and seeded for researcher review.
git,v2.13.7,0114f71344844be9e5add321cffea34bac077d75,CVE-2019-1348,68061e3470210703cb15594194718d35094afdc0,transport-helper.c,2020-01-24T22:15:19+00:00,LOW,explicit_plus_range,explicit_id+osv_range,accept,initial_curation,Retained from supported advisory/event catalog and seeded for researcher review.
git,v2.13.7,0114f71344844be9e5add321cffea34bac077d75,CVE-2019-1349,0060fd1511b94c918928fa3708f69a3f33895a4a,builtin/clone.c,2019-12-04T12:20:05+00:00,UNKNOWN,explicit_only,explicit_id,accept,initial_curation,Retained from supported advisory/event catalog and seeded for researcher review.
git,v2.13.7,0114f71344844be9e5add321cffea34bac077d75,CVE-2019-1349,0060fd1511b94c918928fa3708f69a3f33895a4a,builtin/submodule--helper.c,2019-12-04T12:20:05+00:00,UNKNOWN,explicit_only,explicit_id,accept,initial_curation,Retained from supported advisory/event catalog and seeded for researcher review.
git,v2.13.7,0114f71344844be9e5add321cffea34bac077d75,CVE-2019-1350,6d8684161ee9c03bed5cb69ae76dfdddb85a0003,compat/mingw.c,2019-12-05T14:36:51+00:00,UNKNOWN,explicit_only,explicit_id,accept,initial_curation,Retained from supported advisory/event catalog and seeded for researcher review.
git,v2.13.7,0114f71344844be9e5add321cffea34bac077d75,CVE-2019-1351,f82a97eb9197c1e3768e72648f37ce0ca3233734,compat/mingw.c,2019-12-05T14:37:07+00:00,UNKNOWN,explicit_only,explicit_id,accept,initial_curation,Retained from supported advisory/event catalog and seeded for researcher review.
git,v2.13.7,0114f71344844be9e5add321cffea34bac077d75,CVE-2019-1351,f82a97eb9197c1e3768e72648f37ce0ca3233734,compat/mingw.h,2019-12-05T14:37:07+00:00,UNKNOWN,explicit_only,explicit_id,accept,initial_curation,Retained from supported advisory/event catalog and seeded for researcher review.
git,v2.13.7,0114f71344844be9e5add321cffea34bac077d75,CVE-2019-1351,f82a97eb9197c1e3768e72648f37ce0ca3233734,connect.c,2019-12-05T14:37:07+00:00,UNKNOWN,explicit_only,explicit_id,accept,initial_curation,Retained from supported advisory/event catalog and seeded for researcher review.
git,v2.13.7,0114f71344844be9e5add321cffea34bac077d75,CVE-2019-1352,7c3745fc6185495d5765628b4dfe1bd2c25a2981,path.c,2019-12-05T14:36:50+00:00,UNKNOWN,explicit_only,explicit_id,accept,initial_curation,Retained from supported advisory/event catalog and seeded for researcher review.
git,v2.13.7,0114f71344844be9e5add321cffea34bac077d75,CVE-2019-1353,9102f958ee5254b10c0be72672aa3305bf4f4704,environment.c,2020-01-24T22:15:19+00:00,CRITICAL,explicit_plus_range,explicit_id+osv_range,accept,initial_curation,Retained from supported advisory/event catalog and seeded for researcher review.
git,v2.13.7,0114f71344844be9e5add321cffea34bac077d75,CVE-2019-1354,e1d911dd4c7b76a5a8cec0f5c8de15981e34da83,tree-walk.c,2019-12-04T12:20:05+00:00,UNKNOWN,explicit_only,explicit_id,accept,initial_curation,Retained from supported advisory/event catalog and seeded for researcher review.
git,v2.13.7,0114f71344844be9e5add321cffea34bac077d75,CVE-2019-1387,a8dee3ca610f5a1d403634492136c887f83b59d2,builtin/submodule--helper.c,2019-12-18T21:15:13+00:00,HIGH,explicit_plus_range,explicit_id+osv_range,accept,initial_curation,Retained from supported advisory/event catalog and seeded for researcher review.
git,v2.13.7,0114f71344844be9e5add321cffea34bac077d75,CVE-2019-1387,a8dee3ca610f5a1d403634492136c887f83b59d2,submodule.c,2019-12-18T21:15:13+00:00,HIGH,explicit_plus_range,explicit_id+osv_range,accept,initial_curation,Retained from supported advisory/event catalog and seeded for researcher review.
git,v2.13.7,0114f71344844be9e5add321cffea34bac077d75,CVE-2019-1387,a8dee3ca610f5a1d403634492136c887f83b59d2,submodule.h,2019-12-18T21:15:13+00:00,HIGH,explicit_plus_range,explicit_id+osv_range,accept,initial_curation,Retained from supported advisory/event catalog and seeded for researcher review.
git,v2.13.7,0114f71344844be9e5add321cffea34bac077d75,CVE-2020-11008,c44088ecc4b0722636e0a305f9608d3047197282,credential.c,2020-04-21T19:15:13+00:00,HIGH,explicit_plus_reference_plus_range,explicit_id+nvd_ref+osv_range+osv_ref,accept,initial_curation,Retained from supported advisory/event catalog and seeded for researcher review.
git,v2.13.7,0114f71344844be9e5add321cffea34bac077d75,CVE-2020-11008,c44088ecc4b0722636e0a305f9608d3047197282,fsck.c,2020-04-21T19:15:13+00:00,HIGH,explicit_plus_reference_plus_range,explicit_id+nvd_ref+osv_range+osv_ref,accept,initial_curation,Retained from supported advisory/event catalog and seeded for researcher review.
git,v2.13.7,0114f71344844be9e5add321cffea34bac077d75,CVE-2020-5260,9a6bbee8006c24b46a85d29e7b38cfa79e9ab21b,credential.c,2020-04-14T23:15:12+00:00,HIGH,explicit_plus_reference_plus_range,explicit_id+nvd_ref+osv_range+osv_ref,accept,initial_curation,Retained from supported advisory/event catalog and seeded for researcher review.
git,v2.27.0,b3d7a52fac39193503a0b6728771d1bf6a161464,CVE-2021-29468,bccc37fdc7ec66377af454417013f7612aef75e6,read-cache.c,2021-04-30T00:49:20+00:00,UNKNOWN,explicit_only,explicit_id,accept,initial_curation,Retained from supported advisory/event catalog and seeded for researcher review.
git,v2.27.0,b3d7a52fac39193503a0b6728771d1bf6a161464,CVE-2022-24765,3b0bf2704980b1ed6018622bdf5377ec22289688,setup.c,2022-04-12T00:00:00+00:00,MEDIUM,explicit_plus_range,explicit_id+osv_range,accept,initial_curation,Retained from supported advisory/event catalog and seeded for researcher review.
git,v2.8.2,60115f54bda3a127ed3cc8ffc6ab6c771cbceb1b,CVE-2011-2192,26a7b2342980f2eb46b47122d1d6dfbf13ed4ccb,http.c,2016-09-30T03:39:23+00:00,UNKNOWN,explicit_only,explicit_id,accept,initial_curation,Retained from supported advisory/event catalog and seeded for researcher review.
jq,jq-1.7rc1,4af3f99728f924b327b6f455c52452ef0ca09e1a,CVE-2023-50246,71c2ab509a8628dbbad4bc7b3f98a64aa90d3297,src/jv.c,2023-12-13T20:43:50+00:00,MEDIUM,explicit_plus_reference_plus_range,explicit_id+nvd_ref+osv_range+osv_ref,accept,initial_curation,Retained from supported advisory/event catalog and seeded for researcher review.
jq,jq-1.7rc1,4af3f99728f924b327b6f455c52452ef0ca09e1a,CVE-2023-50268,c9a51565214eece8f1053089739aea73145bfd6b,src/jv.c,2023-12-13T20:49:54+00:00,MEDIUM,explicit_plus_reference_plus_range,explicit_id+nvd_ref+osv_range+osv_ref,accept,initial_curation,Retained from supported advisory/event catalog and seeded for researcher review.
jq,jq-1.7rc1,4af3f99728f924b327b6f455c52452ef0ca09e1a,CVE-2024-23337,de21386681c0df0104a99d9d09db23a9b2a78b1e,src/jv.c,2025-05-21T14:34:51+00:00,MEDIUM,explicit_plus_reference_plus_range,explicit_id+nvd_ref+osv_range+osv_ref,accept,initial_curation,Retained from supported advisory/event catalog and seeded for researcher review.
jq,jq-1.7rc1,4af3f99728f924b327b6f455c52452ef0ca09e1a,CVE-2024-23337,de21386681c0df0104a99d9d09db23a9b2a78b1e,src/jv_aux.c,2025-05-21T14:34:51+00:00,MEDIUM,explicit_plus_reference_plus_range,explicit_id+nvd_ref+osv_range+osv_ref,accept,initial_curation,Retained from supported advisory/event catalog and seeded for researcher review.
jq,jq-1.7rc1,4af3f99728f924b327b6f455c52452ef0ca09e1a,CVE-2024-53427,a09a4dfd55e6c24d04b35062ccfe4509748b1dd3,src/jv.c,2025-03-04T22:43:54+00:00,UNKNOWN,explicit_only,explicit_id,accept,initial_curation,Retained from supported advisory/event catalog and seeded for researcher review.
jq,jq-1.7rc1,4af3f99728f924b327b6f455c52452ef0ca09e1a,CVE-2025-48060,c6e041699d8cd31b97375a2596217aff2cfca85b,src/jv.c,2025-05-31T02:46:40+00:00,UNKNOWN,explicit_only,explicit_id,accept,initial_curation,Retained from supported advisory/event catalog and seeded for researcher review.
jq,jq-1.7rc1,4af3f99728f924b327b6f455c52452ef0ca09e1a,CVE-2025-49014,499c91bca9d4d027833bc62787d1bb075c03680e,src/builtin.c,2025-06-19T15:08:04+00:00,UNKNOWN,explicit_plus_reference_plus_range,explicit_id+osv_range+osv_ref,accept,initial_curation,Retained from supported advisory/event catalog and seeded for researcher review.
jq,jq-1.7rc1,4af3f99728f924b327b6f455c52452ef0ca09e1a,GHSA-F946-J5J2-4W5M,5e159b34b179417e3e0404108190a2ac7d65611c,src/main.c,2025-06-24T13:39:40+00:00,UNKNOWN,explicit_only,explicit_id,accept,initial_curation,Retained from supported advisory/event catalog and seeded for researcher review.
openssh,V_7_5_P1,d38f05dbdd291212bc95ea80648b72b7177e9f4e,CVE-2018-20685,6010c0303a422a9c5fa8860c061bf7105eb7f8b2,scp.c,2019-01-10T21:29:00+00:00,MEDIUM,reference_plus_range,nvd_ref+osv_range+osv_ref,accept,initial_curation,Retained from supported advisory/event catalog and seeded for researcher review.
openssh,V_8_0_P1,fd0fa130ecf06d7d092932adcd5d77f1549bfc8d,CVE-2020-12062,aad87b88fc2536b1ea023213729aaf4eaabe1894,scp.c,2020-06-01T16:15:14+00:00,HIGH,reference_plus_range,nvd_ref+osv_range+osv_ref,accept,initial_curation,Retained from supported advisory/event catalog and seeded for researcher review.
openssh,V_8_0_P1,fd0fa130ecf06d7d092932adcd5d77f1549bfc8d,CVE-2020-14871,fcf429a4c69d30d8725612a55b37181594da8ddf,auth-pam.c,2020-11-11T03:05:30+00:00,UNKNOWN,explicit_only,explicit_id,accept,initial_curation,Retained from supported advisory/event catalog and seeded for researcher review.
openssh,V_8_0_P1,fd0fa130ecf06d7d092932adcd5d77f1549bfc8d,CVE-2021-28041,e04fd6dde16de1cdc5a4d9946397ff60d96568db,ssh-agent.c,2021-03-05T21:15:13+00:00,HIGH,reference_plus_range,nvd_ref+osv_range+osv_ref,accept,initial_curation,Retained from supported advisory/event catalog and seeded for researcher review.
openssh,V_8_7_P1,e1a596186c81e65a34ce13076449712d3bf97eb4,CVE-2020-29368,195313dfe10a23c82e9d56d5fdd2f59beee1bdcf,sandbox-seccomp-filter.c,2023-02-06T02:26:42+00:00,UNKNOWN,explicit_only,explicit_id,accept,initial_curation,Retained from supported advisory/event catalog and seeded for researcher review.
openssh,V_8_7_P1,e1a596186c81e65a34ce13076449712d3bf97eb4,CVE-2020-29374,195313dfe10a23c82e9d56d5fdd2f59beee1bdcf,sandbox-seccomp-filter.c,2023-02-06T02:26:42+00:00,UNKNOWN,explicit_only,explicit_id,accept,initial_curation,Retained from supported advisory/event catalog and seeded for researcher review.
openssh,V_8_7_P1,e1a596186c81e65a34ce13076449712d3bf97eb4,CVE-2022-42703,195313dfe10a23c82e9d56d5fdd2f59beee1bdcf,sandbox-seccomp-filter.c,2023-02-06T02:26:42+00:00,UNKNOWN,explicit_only,explicit_id,accept,initial_curation,Retained from supported advisory/event catalog and seeded for researcher review.
openssh,V_8_7_P1,e1a596186c81e65a34ce13076449712d3bf97eb4,CVE-2023-25136,486c4dc3b83b4b67d663fb0fa62bc24138ec3946,compat.c,2023-02-03T06:15:09+00:00,MEDIUM,reference_plus_range,nvd_ref+osv_range+osv_ref,accept,initial_curation,Retained from supported advisory/event catalog and seeded for researcher review.
openssh,V_9_5_P1,80a2f64b8c1d27383cc83d182b73920d1e6a91f1,CVE-2023-51384,881d9c6af9da4257c69c327c4e2f1508b2fa754b,ssh-agent.c,2023-12-18T19:15:08+00:00,MEDIUM,reference_plus_range,nvd_ref+osv_range+osv_ref,accept,initial_curation,Retained from supported advisory/event catalog and seeded for researcher review.
openssh,V_9_5_P1,80a2f64b8c1d27383cc83d182b73920d1e6a91f1,CVE-2023-51385,7ef3787c84b6b524501211b11a26c742f829af1a,ssh.c,2023-12-18T19:15:08+00:00,MEDIUM,reference_plus_range,nvd_ref+osv_range+osv_ref,accept,initial_curation,Retained from supported advisory/event catalog and seeded for researcher review.
openssh,V_9_5_P1,80a2f64b8c1d27383cc83d182b73920d1e6a91f1,CVE-2025-32728,fc86875e6acb36401dfc1dfb6b628a9d1460f367,session.c,2025-04-10T02:15:30+00:00,LOW,reference_plus_range,nvd_ref+osv_range+osv_ref,accept,initial_curation,Retained from supported advisory/event catalog and seeded for researcher review.
openssl,OpenSSL_1_1_1,1708e3e85b4a86bae26860aa5d2913fc8eff6086,CVE-2018-0734,a9cfb8c2aa7254a4aa6a1716909e3f8cb78049b6,crypto/dsa/dsa_ossl.c,2018-10-28T21:46:20+00:00,UNKNOWN,explicit_only,explicit_id,accept,initial_curation,Retained from supported advisory/event catalog and seeded for researcher review.
openssl,OpenSSL_1_1_1,1708e3e85b4a86bae26860aa5d2913fc8eff6086,CVE-2018-0735,99540ec79491f59ed8b46b4edf130e17dc907f52,crypto/ec/ec_mult.c,2018-10-28T21:47:22+00:00,UNKNOWN,explicit_only,explicit_id,accept,initial_curation,Retained from supported advisory/event catalog and seeded for researcher review.
openssl,OpenSSL_1_1_1,1708e3e85b4a86bae26860aa5d2913fc8eff6086,CVE-2019-1543,2a3d0ee9d59156c48973592331404471aca886d6,crypto/evp/e_chacha20_poly1305.c,2019-03-06T13:25:09+00:00,UNKNOWN,explicit_only,explicit_id,accept,initial_curation,Retained from supported advisory/event catalog and seeded for researcher review.
openssl,OpenSSL_1_1_1,1708e3e85b4a86bae26860aa5d2913fc8eff6086,CVE-2019-1547,b783beeadf6b80bc431e6f3230b5d5585c87ef87,crypto/ec/ec_lib.c,2019-09-05T09:21:04+00:00,UNKNOWN,explicit_only,explicit_id,accept,initial_curation,Retained from supported advisory/event catalog and seeded for researcher review.
openssl,OpenSSL_1_1_1,1708e3e85b4a86bae26860aa5d2913fc8eff6086,CVE-2019-1549,1b0fe00e2704b5e20334a16d3c9099d1ba2ef1be,crypto/include/internal/rand_int.h,2019-09-09T16:09:06+00:00,UNKNOWN,explicit_only,explicit_id,accept,initial_curation,Retained from supported advisory/event catalog and seeded for researcher review.
openssl,OpenSSL_1_1_1,1708e3e85b4a86bae26860aa5d2913fc8eff6086,CVE-2019-1549,1b0fe00e2704b5e20334a16d3c9099d1ba2ef1be,crypto/init.c,2019-09-09T16:09:06+00:00,UNKNOWN,explicit_only,explicit_id,accept,initial_curation,Retained from supported advisory/event catalog and seeded for researcher review.
openssl,OpenSSL_1_1_1,1708e3e85b4a86bae26860aa5d2913fc8eff6086,CVE-2019-1549,1b0fe00e2704b5e20334a16d3c9099d1ba2ef1be,crypto/rand/drbg_lib.c,2019-09-09T16:09:06+00:00,UNKNOWN,explicit_only,explicit_id,accept,initial_curation,Retained from supported advisory/event catalog and seeded for researcher review.
openssl,OpenSSL_1_1_1,1708e3e85b4a86bae26860aa5d2913fc8eff6086,CVE-2019-1549,1b0fe00e2704b5e20334a16d3c9099d1ba2ef1be,crypto/rand/rand_lcl.h,2019-09-09T16:09:06+00:00,UNKNOWN,explicit_only,explicit_id,accept,initial_curation,Retained from supported advisory/event catalog and seeded for researcher review.
openssl,OpenSSL_1_1_1,1708e3e85b4a86bae26860aa5d2913fc8eff6086,CVE-2019-1549,1b0fe00e2704b5e20334a16d3c9099d1ba2ef1be,crypto/rand/rand_lib.c,2019-09-09T16:09:06+00:00,UNKNOWN,explicit_only,explicit_id,accept,initial_curation,Retained from supported advisory/event catalog and seeded for researcher review.
openssl,OpenSSL_1_1_1,1708e3e85b4a86bae26860aa5d2913fc8eff6086,CVE-2019-1549,1b0fe00e2704b5e20334a16d3c9099d1ba2ef1be,crypto/threads_none.c,2019-09-09T16:09:06+00:00,UNKNOWN,explicit_only,explicit_id,accept,initial_curation,Retained from supported advisory/event catalog and seeded for researcher review.
openssl,OpenSSL_1_1_1,1708e3e85b4a86bae26860aa5d2913fc8eff6086,CVE-2019-1549,1b0fe00e2704b5e20334a16d3c9099d1ba2ef1be,crypto/threads_pthread.c,2019-09-09T16:09:06+00:00,UNKNOWN,explicit_only,explicit_id,accept,initial_curation,Retained from supported advisory/event catalog and seeded for researcher review.
openssl,OpenSSL_1_1_1,1708e3e85b4a86bae26860aa5d2913fc8eff6086,CVE-2019-1549,1b0fe00e2704b5e20334a16d3c9099d1ba2ef1be,crypto/threads_win.c,2019-09-09T16:09:06+00:00,UNKNOWN,explicit_only,explicit_id,accept,initial_curation,Retained from supported advisory/event catalog and seeded for researcher review.
openssl,OpenSSL_1_1_1,1708e3e85b4a86bae26860aa5d2913fc8eff6086,CVE-2019-1549,1b0fe00e2704b5e20334a16d3c9099d1ba2ef1be,include/internal/cryptlib.h,2019-09-09T16:09:06+00:00,UNKNOWN,explicit_only,explicit_id,accept,initial_curation,Retained from supported advisory/event catalog and seeded for researcher review.
openssl,OpenSSL_1_1_1,1708e3e85b4a86bae26860aa5d2913fc8eff6086,CVE-2020-1967,eb563247aef3e83dda7679c43f9649270462e5b1,ssl/t1_lib.c,2020-04-21T10:22:51+00:00,UNKNOWN,explicit_only,explicit_id,accept,initial_curation,Retained from supported advisory/event catalog and seeded for researcher review.
openssl,openssl-3.0.0-alpha10,cae118f9382c3790359b3ff050d6e01c11579a7f,CVE-2020-25657,7fc67e0a33102aa47bbaa56533eeecb98c0450f7,crypto/rsa/rsa_ossl.c,2022-12-12T10:30:52+00:00,UNKNOWN,explicit_only,explicit_id,accept,initial_curation,Retained from supported advisory/event catalog and seeded for researcher review.
openssl,openssl-3.0.0-alpha10,cae118f9382c3790359b3ff050d6e01c11579a7f,CVE-2020-25657,7fc67e0a33102aa47bbaa56533eeecb98c0450f7,crypto/rsa/rsa_pk1.c,2022-12-12T10:30:52+00:00,UNKNOWN,explicit_only,explicit_id,accept,initial_curation,Retained from supported advisory/event catalog and seeded for researcher review.
openssl,openssl-3.0.0-alpha10,cae118f9382c3790359b3ff050d6e01c11579a7f,CVE-2020-25657,7fc67e0a33102aa47bbaa56533eeecb98c0450f7,include/crypto/rsa.h,2022-12-12T10:30:52+00:00,UNKNOWN,explicit_only,explicit_id,accept,initial_curation,Retained from supported advisory/event catalog and seeded for researcher review.
openssl,openssl-3.0.0-alpha10,cae118f9382c3790359b3ff050d6e01c11579a7f,CVE-2020-25659,7fc67e0a33102aa47bbaa56533eeecb98c0450f7,crypto/rsa/rsa_ossl.c,2022-12-12T10:30:52+00:00,UNKNOWN,explicit_only,explicit_id,accept,initial_curation,Retained from supported advisory/event catalog and seeded for researcher review.
openssl,openssl-3.0.0-alpha10,cae118f9382c3790359b3ff050d6e01c11579a7f,CVE-2020-25659,7fc67e0a33102aa47bbaa56533eeecb98c0450f7,crypto/rsa/rsa_pk1.c,2022-12-12T10:30:52+00:00,UNKNOWN,explicit_only,explicit_id,accept,initial_curation,Retained from supported advisory/event catalog and seeded for researcher review.
openssl,openssl-3.0.0-alpha10,cae118f9382c3790359b3ff050d6e01c11579a7f,CVE-2020-25659,7fc67e0a33102aa47bbaa56533eeecb98c0450f7,include/crypto/rsa.h,2022-12-12T10:30:52+00:00,UNKNOWN,explicit_only,explicit_id,accept,initial_curation,Retained from supported advisory/event catalog and seeded for researcher review.
openssl,openssl-3.0.0-alpha10,cae118f9382c3790359b3ff050d6e01c11579a7f,CVE-2021-23839,d9461cbe87b91fec98c4ab99a6f47621390e4aa2,crypto/rsa/rsa_ssl.c,2021-02-16T11:36:18+00:00,UNKNOWN,explicit_only,explicit_id,accept,initial_curation,Retained from supported advisory/event catalog and seeded for researcher review.
openssl,openssl-3.0.0-alpha10,cae118f9382c3790359b3ff050d6e01c11579a7f,CVE-2021-23840,c9fb704cf3af5524eb8e79961e31b60eee8c3c47,crypto/evp/evp_enc.c,2021-02-16T11:40:12+00:00,UNKNOWN,explicit_only,explicit_id,accept,initial_curation,Retained from supported advisory/event catalog and seeded for researcher review.
openssl,openssl-3.0.0-alpha10,cae118f9382c3790359b3ff050d6e01c11579a7f,CVE-2021-23840,c9fb704cf3af5524eb8e79961e31b60eee8c3c47,crypto/evp/evp_err.c,2021-02-16T11:40:12+00:00,UNKNOWN,explicit_only,explicit_id,accept,initial_curation,Retained from supported advisory/event catalog and seeded for researcher review.
openssl,openssl-3.0.0-alpha10,cae118f9382c3790359b3ff050d6e01c11579a7f,CVE-2021-23840,c9fb704cf3af5524eb8e79961e31b60eee8c3c47,include/crypto/evperr.h,2021-02-16T11:40:12+00:00,UNKNOWN,explicit_only,explicit_id,accept,initial_curation,Retained from supported advisory/event catalog and seeded for researcher review.
openssl,openssl-3.0.0-alpha10,cae118f9382c3790359b3ff050d6e01c11579a7f,CVE-2021-23840,c9fb704cf3af5524eb8e79961e31b60eee8c3c47,include/openssl/evperr.h,2021-02-16T11:40:12+00:00,UNKNOWN,explicit_only,explicit_id,accept,initial_curation,Retained from supported advisory/event catalog and seeded for researcher review.
openssl,openssl-3.0.0-alpha10,cae118f9382c3790359b3ff050d6e01c11579a7f,CVE-2021-23841,8130d654d1de922ea224fa18ee3bc7262edc39c0,crypto/x509/x509_cmp.c,2021-02-16T11:32:32+00:00,UNKNOWN,explicit_only,explicit_id,accept,initial_curation,Retained from supported advisory/event catalog and seeded for researcher review.
openssl,openssl-3.0.0-alpha10,cae118f9382c3790359b3ff050d6e01c11579a7f,CVE-2021-4044,6894e20b50c1204bfc990093b4e7ccd10f92865d,crypto/x509/x509_vfy.c,2021-12-14T13:48:34+00:00,UNKNOWN,explicit_only,explicit_id,accept,initial_curation,Retained from supported advisory/event catalog and seeded for researcher review.
openssl,openssl-3.0.0-alpha10,cae118f9382c3790359b3ff050d6e01c11579a7f,CVE-2022-0778,9eafb53614bf65797db25f467946e735e1b43dc9,crypto/bn/bn_sqrt.c,2022-03-15T13:15:12+00:00,UNKNOWN,explicit_only,explicit_id,accept,initial_curation,Retained from supported advisory/event catalog and seeded for researcher review.
openssl,openssl-3.0.0-alpha10,cae118f9382c3790359b3ff050d6e01c11579a7f,CVE-2022-1343,21f89f542d745adbf1131338929ae538e200d50d,crypto/ocsp/ocsp_vfy.c,2022-05-03T16:15:18+00:00,MEDIUM,explicit_plus_range,explicit_id+osv_range,accept,initial_curation,Retained from supported advisory/event catalog and seeded for researcher review.
openssl,openssl-3.0.0-alpha10,cae118f9382c3790359b3ff050d6e01c11579a7f,CVE-2022-1434,33219939c782cf363b30e9e899b9997fb1ced440,providers/implementations/ciphers/cipher_rc4_hmac_md5.c,2022-05-03T16:15:18+00:00,MEDIUM,explicit_plus_range,explicit_id+osv_range,accept,initial_curation,Retained from supported advisory/event catalog and seeded for researcher review.
openssl,openssl-3.0.0-alpha10,cae118f9382c3790359b3ff050d6e01c11579a7f,CVE-2022-29242,2b5e89992e3ada1131beebb2a22722168b9389c2,ssl/statem/statem_clnt.c,2022-05-24T10:06:11+00:00,UNKNOWN,explicit_only,explicit_id,accept,initial_curation,Retained from supported advisory/event catalog and seeded for researcher review.
openssl,openssl-3.0.0-alpha10,cae118f9382c3790359b3ff050d6e01c11579a7f,CVE-2022-3358,25d47cccf203c3b71171e78865e48ea061a039a8,crypto/evp/digest.c,2022-10-11T15:15:10+00:00,HIGH,explicit_plus_range,explicit_id+osv_range,accept,initial_curation,Retained from supported advisory/event catalog and seeded for researcher review.
openssl,openssl-3.0.0-alpha10,cae118f9382c3790359b3ff050d6e01c11579a7f,CVE-2022-3358,25d47cccf203c3b71171e78865e48ea061a039a8,crypto/evp/evp_enc.c,2022-10-11T15:15:10+00:00,HIGH,explicit_plus_range,explicit_id+osv_range,accept,initial_curation,Retained from supported advisory/event catalog and seeded for researcher review.
openssl,openssl-3.0.0-alpha10,cae118f9382c3790359b3ff050d6e01c11579a7f,CVE-2022-3602,c42165b5706e42f67ef8ef4c351a9a4c5d21639a,crypto/punycode.c,2022-11-01T09:49:18+00:00,UNKNOWN,explicit_only,explicit_id,accept,initial_curation,Retained from supported advisory/event catalog and seeded for researcher review.
openssl,openssl-3.0.0-alpha10,cae118f9382c3790359b3ff050d6e01c11579a7f,CVE-2022-3786,c42165b5706e42f67ef8ef4c351a9a4c5d21639a,crypto/punycode.c,2022-11-01T09:49:18+00:00,UNKNOWN,explicit_only,explicit_id,accept,initial_curation,Retained from supported advisory/event catalog and seeded for researcher review.
openssl,openssl-3.0.0-alpha10,cae118f9382c3790359b3ff050d6e01c11579a7f,CVE-2022-3996,4d0340a6d2f327700a059f0b8f954d6160f8eef5,crypto/x509/pcy_map.c,2022-12-13T16:15:22+00:00,HIGH,explicit_plus_reference_plus_range,explicit_id+nvd_ref+osv_range+osv_ref,accept,initial_curation,Retained from supported advisory/event catalog and seeded for researcher review.
pallets-flask,0.12.3,1a9e58e8c97c47c969736d46410f724f4e834f54,CVE-2019-1010083,d92b64aa275841b0c9aea3903aba72fbc4275d91,setup.py,2019-07-17T14:15:11+00:00,HIGH,,osv_range,ambiguous,initial_curation,Retained for robustness only because the mapping lacks explicit identifier or reference support.
pallets-flask,1.0.3,99660cc40984015cbbcd27d1cdc19376b2536443,CVE-2019-1010083,d92b64aa275841b0c9aea3903aba72fbc4275d91,setup.py,2019-07-17T14:15:11+00:00,HIGH,,osv_range,ambiguous,initial_curation,Retained for robustness only because the mapping lacks explicit identifier or reference support.
php-src,php-5.5.12RC1,8db1ba94e440a6bbb387b3a6b34d1d9235537e55,CVE-2014-0185,61b002b91baa78af0b7f438c8c35a51951c650a5,sapi/fpm/fpm/fpm_unix.c,2014-05-06T10:44:02+00:00,HIGH,explicit_plus_reference,explicit_id+nvd_ref,accept,initial_curation,Retained from supported advisory/event catalog and seeded for researcher review.
psf-requests,v2.19.0,991e8b76b7a9d21f698b24fa0058d3d5968721bc,CVE-2018-18074,bd840450c0d1e9db3bf62382c15d96378cc3a056,requests/__init__.py,2018-10-09T17:29:01+00:00,HIGH,,osv_range,ambiguous,initial_curation,Retained for robustness only because the mapping lacks explicit identifier or reference support.
psf-requests,v2.19.0,991e8b76b7a9d21f698b24fa0058d3d5968721bc,CVE-2018-18074,bd840450c0d1e9db3bf62382c15d96378cc3a056,requests/__version__.py,2018-10-09T17:29:01+00:00,HIGH,,osv_range,ambiguous,initial_curation,Retained for robustness only because the mapping lacks explicit identifier or reference support.
psf-requests,v2.19.0,991e8b76b7a9d21f698b24fa0058d3d5968721bc,CVE-2018-18074,bd840450c0d1e9db3bf62382c15d96378cc3a056,setup.py,2018-10-09T17:29:01+00:00,HIGH,,osv_range,ambiguous,initial_curation,Retained for robustness only because the mapping lacks explicit identifier or reference support.
psf-requests,v2.28.2,61c324da43dd8b775d3930d76265538b3ca27bc1,CVE-2023-32681,74ea7cf7a6a27a4eeb2ae24e162bcc942a6706d5,requests/sessions.py,2023-05-26T17:02:52+00:00,MEDIUM,explicit_plus_reference_plus_range,explicit_id+osv_range+osv_ref,accept,initial_curation,Retained from supported advisory/event catalog and seeded for researcher review.
redis,5.0.10,a767d84a7273ea05bbfbb23f4eef63af7f4a613d,CVE-2021-32626,704ba5f5b22ae1ecafbcfb7a3258311c27ff94ff,src/version.h,2021-10-04T18:15:08+00:00,HIGH,explicit_plus_reference_plus_range,explicit_id+nvd_ref+osv_range+osv_ref,accept,initial_curation,Retained from supported advisory/event catalog and seeded for researcher review.
redis,5.0.10,a767d84a7273ea05bbfbb23f4eef63af7f4a613d,CVE-2021-32762,704ba5f5b22ae1ecafbcfb7a3258311c27ff94ff,src/version.h,2021-10-04T18:15:09+00:00,HIGH,explicit_plus_reference_plus_range,explicit_id+nvd_ref+osv_range+osv_ref,accept,initial_curation,Retained from supported advisory/event catalog and seeded for researcher review.
redis,6.0.18,ebe2e4583fc6b4cd1a8142caa51fa7c8d37d6de3,CVE-2022-24834,de0d9632b52849d9b7ea52408b1d681d771c5b46,src/version.h,2023-07-13T14:35:41+00:00,HIGH,explicit_plus_range,explicit_id+osv_range,accept,initial_curation,Retained from supported advisory/event catalog and seeded for researcher review.
scrapy-scrapy,2.5.0,e63188cbf753d560e43d8489c821bd6eb9fe54e9,GHSA-9X8M-2XPF-CRP3,af7dd16d8ded3e6cb2946603688f4f4a5212e80f,scrapy/downloadermiddlewares/httpproxy.py,2022-07-25T11:15:17+00:00,UNKNOWN,explicit_only,explicit_id,accept,initial_curation,Retained from supported advisory/event catalog and seeded for researcher review.
sqlite,version-3.25.0,f7d3b7a56cd6ebb85ba999913acb335de83b53ec,CVE-2019-19242,57f7ece78410a8aae86aa4625fb7556897db384c,src/expr.c,2019-11-27T17:15:14+00:00,MEDIUM,reference_plus_range,nvd_ref+osv_range+osv_ref,accept,initial_curation,Retained from supported advisory/event catalog and seeded for researcher review.
sqlite,version-3.25.0,f7d3b7a56cd6ebb85ba999913acb335de83b53ec,CVE-2019-19242,57f7ece78410a8aae86aa4625fb7556897db384c,src/wherecode.c,2019-11-27T17:15:14+00:00,MEDIUM,reference_plus_range,nvd_ref+osv_range+osv_ref,accept,initial_curation,Retained from supported advisory/event catalog and seeded for researcher review.
sqlite,version-3.25.0,f7d3b7a56cd6ebb85ba999913acb335de83b53ec,CVE-2019-19244,e59c562b3f6894f84c715772c4b116d7b5c01348,src/select.c,2019-11-25T20:15:11+00:00,HIGH,reference_plus_range,nvd_ref+osv_range+osv_ref,accept,initial_curation,Retained from supported advisory/event catalog and seeded for researcher review.
sqlite,version-3.25.0,f7d3b7a56cd6ebb85ba999913acb335de83b53ec,CVE-2019-19317,522ebfa7cee96fb325a22ea3a2464a63485886a8,src/resolve.c,2019-12-05T14:15:09+00:00,CRITICAL,reference_plus_range,nvd_ref+osv_range+osv_ref,accept,initial_curation,Retained from supported advisory/event catalog and seeded for researcher review.
sqlite,version-3.25.0,f7d3b7a56cd6ebb85ba999913acb335de83b53ec,CVE-2019-19603,527cbd4a104cb93bf3994b3dd3619a6299a78b13,src/build.c,2019-12-09T19:15:14+00:00,HIGH,reference_only,nvd_ref,accept,initial_curation,Retained from supported advisory/event catalog and seeded for researcher review.
sqlite,version-3.25.0,f7d3b7a56cd6ebb85ba999913acb335de83b53ec,CVE-2019-19603,527cbd4a104cb93bf3994b3dd3619a6299a78b13,src/sqliteInt.h,2019-12-09T19:15:14+00:00,HIGH,reference_only,nvd_ref,accept,initial_curation,Retained from supported advisory/event catalog and seeded for researcher review.
sqlite,version-3.25.0,f7d3b7a56cd6ebb85ba999913acb335de83b53ec,CVE-2019-19645,38096961c7cd109110ac21d3ed7dad7e0cb0ae06,src/alter.c,2019-12-09T16:15:10+00:00,MEDIUM,reference_plus_range,nvd_ref+osv_range+osv_ref,accept,initial_curation,Retained from supported advisory/event catalog and seeded for researcher review.
sqlite,version-3.25.0,f7d3b7a56cd6ebb85ba999913acb335de83b53ec,CVE-2019-19645,38096961c7cd109110ac21d3ed7dad7e0cb0ae06,src/build.c,2019-12-09T16:15:10+00:00,MEDIUM,reference_plus_range,nvd_ref+osv_range+osv_ref,accept,initial_curation,Retained from supported advisory/event catalog and seeded for researcher review.
sqlite,version-3.25.0,f7d3b7a56cd6ebb85ba999913acb335de83b53ec,CVE-2019-19645,38096961c7cd109110ac21d3ed7dad7e0cb0ae06,src/sqliteInt.h,2019-12-09T16:15:10+00:00,MEDIUM,reference_plus_range,nvd_ref+osv_range+osv_ref,accept,initial_curation,Retained from supported advisory/event catalog and seeded for researcher review.
sqlite,version-3.25.0,f7d3b7a56cd6ebb85ba999913acb335de83b53ec,CVE-2019-19646,ebd70eedd5d6e6a890a670b5ee874a5eae86b4dd,src/pragma.c,2019-12-09T19:15:14+00:00,CRITICAL,reference_plus_range,nvd_ref+osv_range+osv_ref,accept,initial_curation,Retained from supported advisory/event catalog and seeded for researcher review.
sqlite,version-3.25.0,f7d3b7a56cd6ebb85ba999913acb335de83b53ec,CVE-2019-19880,75e95e1fcd52d3ec8282edb75ac8cd0814095d54,src/window.c,2019-12-18T06:15:12+00:00,HIGH,reference_plus_range,nvd_ref+osv_range+osv_ref,accept,initial_curation,Retained from supported advisory/event catalog and seeded for researcher review.
sqlite,version-3.25.0,f7d3b7a56cd6ebb85ba999913acb335de83b53ec,CVE-2019-19923,396afe6f6aa90a31303c183e11b2b2d4b7956b35,src/select.c,2019-12-24T16:15:11+00:00,HIGH,reference_plus_range,nvd_ref+osv_range+osv_ref,accept,initial_curation,Retained from supported advisory/event catalog and seeded for researcher review.
sqlite,version-3.25.0,f7d3b7a56cd6ebb85ba999913acb335de83b53ec,CVE-2019-19924,8654186b0236d556aa85528c2573ee0b6ab71be3,src/expr.c,2019-12-24T16:15:11+00:00,MEDIUM,reference_only,nvd_ref,accept,initial_curation,Retained from supported advisory/event catalog and seeded for researcher review.
sqlite,version-3.25.0,f7d3b7a56cd6ebb85ba999913acb335de83b53ec,CVE-2019-19924,8654186b0236d556aa85528c2573ee0b6ab71be3,src/vdbeaux.c,2019-12-24T16:15:11+00:00,MEDIUM,reference_only,nvd_ref,accept,initial_curation,Retained from supported advisory/event catalog and seeded for researcher review.
sqlite,version-3.25.0,f7d3b7a56cd6ebb85ba999913acb335de83b53ec,CVE-2019-19924,8654186b0236d556aa85528c2573ee0b6ab71be3,src/window.c,2019-12-24T16:15:11+00:00,MEDIUM,reference_only,nvd_ref,accept,initial_curation,Retained from supported advisory/event catalog and seeded for researcher review.
sqlite,version-3.25.0,f7d3b7a56cd6ebb85ba999913acb335de83b53ec,CVE-2019-19925,54d501092d88c0cf89bec4279951f548fb0b8618,ext/misc/zipfile.c,2019-12-24T17:15:10+00:00,HIGH,reference_plus_range,nvd_ref+osv_range+osv_ref,accept,initial_curation,Retained from supported advisory/event catalog and seeded for researcher review.
sqlite,version-3.25.0,f7d3b7a56cd6ebb85ba999913acb335de83b53ec,CVE-2019-19926,8428b3b437569338a9d1e10c4cd8154acbe33089,src/select.c,2019-12-23T01:15:13+00:00,HIGH,reference_plus_range,nvd_ref+osv_range+osv_ref,accept,initial_curation,Retained from supported advisory/event catalog and seeded for researcher review.
sqlite,version-3.25.0,f7d3b7a56cd6ebb85ba999913acb335de83b53ec,CVE-2019-19959,d8f2d46cbc9925e034a68aaaf60aad788d9373c1,ext/misc/zipfile.c,2020-01-03T22:15:12+00:00,HIGH,reference_plus_range,nvd_ref+osv_range+osv_ref,accept,initial_curation,Retained from supported advisory/event catalog and seeded for researcher review.
sqlite,version-3.25.0,f7d3b7a56cd6ebb85ba999913acb335de83b53ec,CVE-2019-20218,a6c1a71cde082e09750465d5675699062922e387,src/select.c,2020-01-02T14:16:36+00:00,HIGH,reference_plus_range,nvd_ref+osv_range+osv_ref,accept,initial_curation,Retained from supported advisory/event catalog and seeded for researcher review.
traefik-traefik,v2.10.6,dae0491b612ae9d706ffa2f0faa941bce00f0c01,CVE-2024-28869,240b83b77351dfd8cadb91c305b84e9d22e0f9c6,pkg/config/static/static_config.go,2024-04-12T21:08:36+00:00,HIGH,reference_plus_range,osv_range+osv_ref,accept,initial_curation,Retained from supported advisory/event catalog and seeded for researcher review.
traefik-traefik,v2.10.6,dae0491b612ae9d706ffa2f0faa941bce00f0c01,CVE-2025-47952,08d5dfee0164aa54dd44a467870042e18e8d3f00,integration/simple_test.go,2025-05-30T03:37:12+00:00,UNKNOWN,reference_plus_range,osv_range+osv_ref,accept,initial_curation,Retained from supported advisory/event catalog and seeded for researcher review.
traefik-traefik,v2.10.6,dae0491b612ae9d706ffa2f0faa941bce00f0c01,CVE-2025-47952,08d5dfee0164aa54dd44a467870042e18e8d3f00,pkg/muxer/http/mux.go,2025-05-30T03:37:12+00:00,UNKNOWN,reference_plus_range,osv_range+osv_ref,accept,initial_curation,Retained from supported advisory/event catalog and seeded for researcher review.
traefik-traefik,v2.10.6,dae0491b612ae9d706ffa2f0faa941bce00f0c01,CVE-2025-47952,08d5dfee0164aa54dd44a467870042e18e8d3f00,pkg/server/server_entrypoint_tcp.go,2025-05-30T03:37:12+00:00,UNKNOWN,reference_plus_range,osv_range+osv_ref,accept,initial_curation,Retained from supported advisory/event catalog and seeded for researcher review.
traefik-traefik,v2.10.6,dae0491b612ae9d706ffa2f0faa941bce00f0c01,CVE-2025-47952,08d5dfee0164aa54dd44a467870042e18e8d3f00,pkg/server/server_entrypoint_tcp_test.go,2025-05-30T03:37:12+00:00,UNKNOWN,reference_plus_range,osv_range+osv_ref,accept,initial_curation,Retained from supported advisory/event catalog and seeded for researcher review.
traefik-traefik,v2.10.6,dae0491b612ae9d706ffa2f0faa941bce00f0c01,CVE-2025-54386,5ef853a0c53068f69a6c229a5815a0dc6e0a8800,pkg/plugins/client.go,2025-08-01T23:32:21+00:00,UNKNOWN,reference_plus_range,osv_range+osv_ref,accept,initial_curation,Retained from supported advisory/event catalog and seeded for researcher review.
traefik-traefik,v2.5.4,95dc43ce4a0b9a3cdfa1ce33e606af5ef0b09f5b,CVE-2022-46153,7e3fe48b80083b41e9ff82a474a36484cabc701a,integration/https_test.go,2022-12-08T21:46:22+00:00,HIGH,reference_plus_range,osv_range+osv_ref,accept,initial_curation,Retained from supported advisory/event catalog and seeded for researcher review.
traefik-traefik,v2.5.4,95dc43ce4a0b9a3cdfa1ce33e606af5ef0b09f5b,CVE-2022-46153,7e3fe48b80083b41e9ff82a474a36484cabc701a,integration/tcp_test.go,2022-12-08T21:46:22+00:00,HIGH,reference_plus_range,osv_range+osv_ref,accept,initial_curation,Retained from supported advisory/event catalog and seeded for researcher review.
traefik-traefik,v2.5.4,95dc43ce4a0b9a3cdfa1ce33e606af5ef0b09f5b,CVE-2022-46153,7e3fe48b80083b41e9ff82a474a36484cabc701a,pkg/server/router/router.go,2022-12-08T21:46:22+00:00,HIGH,reference_plus_range,osv_range+osv_ref,accept,initial_curation,Retained from supported advisory/event catalog and seeded for researcher review.
traefik-traefik,v2.5.4,95dc43ce4a0b9a3cdfa1ce33e606af5ef0b09f5b,CVE-2022-46153,7e3fe48b80083b41e9ff82a474a36484cabc701a,pkg/server/router/router_test.go,2022-12-08T21:46:22+00:00,HIGH,reference_plus_range,osv_range+osv_ref,accept,initial_curation,Retained from supported advisory/event catalog and seeded for researcher review.
traefik-traefik,v2.5.4,95dc43ce4a0b9a3cdfa1ce33e606af5ef0b09f5b,CVE-2022-46153,7e3fe48b80083b41e9ff82a474a36484cabc701a,pkg/server/router/tcp/router.go,2022-12-08T21:46:22+00:00,HIGH,reference_plus_range,osv_range+osv_ref,accept,initial_curation,Retained from supported advisory/event catalog and seeded for researcher review.
traefik-traefik,v2.5.4,95dc43ce4a0b9a3cdfa1ce33e606af5ef0b09f5b,CVE-2022-46153,7e3fe48b80083b41e9ff82a474a36484cabc701a,pkg/server/routerfactory.go,2022-12-08T21:46:22+00:00,HIGH,reference_plus_range,osv_range+osv_ref,accept,initial_curation,Retained from supported advisory/event catalog and seeded for researcher review.
traefik-traefik,v2.5.4,95dc43ce4a0b9a3cdfa1ce33e606af5ef0b09f5b,CVE-2022-46153,7e3fe48b80083b41e9ff82a474a36484cabc701a,pkg/tls/tlsmanager.go,2022-12-08T21:46:22+00:00,HIGH,reference_plus_range,osv_range+osv_ref,accept,initial_curation,Retained from supported advisory/event catalog and seeded for researcher review.
traefik-traefik,v2.5.4,95dc43ce4a0b9a3cdfa1ce33e606af5ef0b09f5b,CVE-2022-46153,7e3fe48b80083b41e9ff82a474a36484cabc701a,pkg/tls/tlsmanager_test.go,2022-12-08T21:46:22+00:00,HIGH,reference_plus_range,osv_range+osv_ref,accept,initial_curation,Retained from supported advisory/event catalog and seeded for researcher review.
zlib,v1.2.12,21767c654d31d2dccdde4330529775c6c5fd5389,CVE-2014-9485,14a5f8f266c16c87ab6c086fc52b770b27701e01,contrib/minizip/miniunz.c,2024-01-17T23:08:08+00:00,UNKNOWN,explicit_only,explicit_id,accept,initial_curation,Retained from supported advisory/event catalog and seeded for researcher review.
zlib,v1.2.12,21767c654d31d2dccdde4330529775c6c5fd5389,CVE-2022-37434,eff308af425b67093bab25f80f1ae950166bece1,inflate.c,2022-08-05T07:15:07+00:00,CRITICAL,reference_plus_range,nvd_ref+osv_range+osv_ref,accept,initial_curation,Retained from supported advisory/event catalog and seeded for researcher review.
zlib,v1.3,09155eaa2f9270dc4ed1fa13e2b4b2613e6e4851,CVE-2014-9485,14a5f8f266c16c87ab6c086fc52b770b27701e01,contrib/minizip/miniunz.c,2024-01-17T23:08:08+00:00,UNKNOWN,explicit_only,explicit_id,accept,initial_curation,Retained from supported advisory/event catalog and seeded for researcher review.
