full_name,name,git_url,html_url,description,primary_language,stars,topics,size_kb,updated_at,pushed_at,default_branch,source_extensions
torvalds/linux,torvalds-linux,https://github.com/torvalds/linux.git,https://github.com/torvalds/linux,Linux kernel source tree,C,227671,[],6098065,2026-04-09T13:19:29Z,2026-04-08T20:54:04Z,master,"['.c', '.h']"
ultraworkers/claw-code,ultraworkers-claw-code,https://github.com/ultraworkers/claw-code.git,https://github.com/ultraworkers/claw-code,The repo is finally unlocked. enjoy the party! The fastest repo in history to surpass 100K stars ⭐. Join Discord: https://discord.gg/5TUQKqFWd Built in Rust using a Rust workflow.,Rust,179256,[],8117,2026-04-09T13:21:29Z,2026-04-09T13:06:26Z,main,['.rs']
yt-dlp/yt-dlp,yt-dlp-yt-dlp,https://github.com/yt-dlp/yt-dlp.git,https://github.com/yt-dlp/yt-dlp,A feature-rich command-line audio/video downloader,Python,155651,"['cli', 'downloader', 'python', 'sponsorblock', 'youtube-dl', 'youtube-downloader', 'yt-dlp']",60460,2026-04-09T13:19:03Z,2026-04-07T23:37:18Z,master,['.py']
ytdl-org/youtube-dl,ytdl-org-youtube-dl,https://github.com/ytdl-org/youtube-dl.git,https://github.com/ytdl-org/youtube-dl,Command-line program to download videos from YouTube.com and other video sites,Python,140004,[],65510,2026-04-09T10:45:23Z,2026-02-19T16:45:25Z,master,['.py']
Genymobile/scrcpy,genymobile-scrcpy,https://github.com/Genymobile/scrcpy.git,https://github.com/Genymobile/scrcpy,Display and control your Android device,C,138211,"['android', 'c', 'ffmpeg', 'libav', 'mirroring', 'recording', 'screen', 'sdl2']",8170,2026-04-09T13:16:33Z,2026-04-07T17:54:55Z,master,"['.c', '.h']"
golang/go,golang-go,https://github.com/golang/go.git,https://github.com/golang/go,The Go programming language,Go,133346,"['go', 'golang', 'language', 'programming-language']",431466,2026-04-09T13:20:45Z,2026-04-09T12:10:54Z,master,['.go']
facebook/react-native,facebook-react-native,https://github.com/facebook/react-native.git,https://github.com/facebook/react-native,A framework for building native applications using React,C++,125666,"['android', 'app-framework', 'cross-platform', 'ios', 'mobile', 'mobile-development', 'react', 'react-native']",964211,2026-04-09T13:13:43Z,2026-04-09T13:11:33Z,main,"['.cpp', '.hpp', '.cc', '.cxx', '.h', '.hh', '.hxx']"
kubernetes/kubernetes,kubernetes-kubernetes,https://github.com/kubernetes/kubernetes.git,https://github.com/kubernetes/kubernetes,Production-Grade Container Scheduling and Management,Go,121616,"['cncf', 'containers', 'go', 'kubernetes']",1461249,2026-04-09T11:33:51Z,2026-04-09T12:20:21Z,master,['.go']
electron/electron,electron-electron,https://github.com/electron/electron.git,https://github.com/electron/electron,":electron: Build cross-platform desktop apps with JavaScript, HTML, and CSS",C++,120807,"['c-plus-plus', 'chrome', 'css', 'electron', 'html', 'javascript', 'nodejs', 'v8', 'works-with-codespaces']",195012,2026-04-09T12:24:16Z,2026-04-09T13:19:23Z,main,"['.cpp', '.hpp', '.cc', '.cxx', '.h', '.hh', '.hxx']"
anthropics/skills,anthropics-skills,https://github.com/anthropics/skills.git,https://github.com/anthropics/skills,Public repository for Agent Skills,Python,113706,['agent-skills'],3470,2026-04-09T13:20:51Z,2026-04-08T17:01:04Z,main,['.py']
rust-lang/rust,rust-lang-rust,https://github.com/rust-lang/rust.git,https://github.com/rust-lang/rust,Empowering everyone to build reliable and efficient software.,Rust,111840,"['compiler', 'language', 'rust']",870163,2026-04-09T12:20:53Z,2026-04-09T10:30:07Z,main,['.rs']
rustdesk/rustdesk,rustdesk-rustdesk,https://github.com/rustdesk/rustdesk.git,https://github.com/rustdesk/rustdesk,"An open-source remote desktop application designed for self-hosting, as an alternative to TeamViewer.",Rust,110899,"['android', 'anydesk', 'dart', 'flatpak', 'flutter', 'flutter-apps', 'ios', 'linux', 'macos', 'p2p', 'rdp', 'remote-control', 'remote-desktop', 'rust', 'rust-lang', 'teamviewer', 'vnc', 'wayland', 'windows']",69476,2026-04-09T13:20:07Z,2026-04-09T09:14:21Z,master,['.rs']
godotengine/godot,godotengine-godot,https://github.com/godotengine/godot.git,https://github.com/godotengine/godot,Godot Engine – Multi-platform 2D and 3D game engine,C++,109187,"['game-development', 'game-engine', 'gamedev', 'godot', 'godotengine', 'multi-platform', 'open-source']",1797161,2026-04-09T13:19:22Z,2026-04-08T22:02:52Z,master,"['.cpp', '.hpp', '.cc', '.cxx', '.h', '.hh', '.hxx']"
denoland/deno,denoland-deno,https://github.com/denoland/deno.git,https://github.com/denoland/deno,A modern runtime for JavaScript and TypeScript.,Rust,106443,"['deno', 'javascript', 'rust', 'typescript']",214555,2026-04-09T13:20:45Z,2026-04-09T13:18:50Z,main,['.rs']
fatedier/frp,fatedier-frp,https://github.com/fatedier/frp.git,https://github.com/fatedier/frp,A fast reverse proxy to help you expose a local server behind a NAT or firewall to the internet.,Go,105819,"['expose', 'firewall', 'frp', 'go', 'http-proxy', 'nat', 'p2p', 'proxy', 'reverse-proxy', 'tunnel']",31797,2026-04-09T13:04:21Z,2026-03-29T19:22:35Z,dev,['.go']
tauri-apps/tauri,tauri-apps-tauri,https://github.com/tauri-apps/tauri.git,https://github.com/tauri-apps/tauri,"Build smaller, faster, and more secure desktop and mobile applications with a web frontend.",Rust,105184,"['desktop-app', 'high-performance', 'mobile-app', 'native-app', 'rust', 'web-frontend', 'webview']",103061,2026-04-09T12:59:29Z,2026-04-09T09:23:55Z,dev,['.rs']
microsoft/terminal,microsoft-terminal,https://github.com/microsoft/terminal.git,https://github.com/microsoft/terminal,"The new Windows Terminal and the original Windows console host, all in the same place!",C++,102595,"['cmd', 'command-line', 'console', 'contributions-welcome', 'good-first-issue', 'hacktoberfest', 'terminal', 'windows', 'windows-console', 'windows-terminal', 'wsl']",163935,2026-04-09T12:57:23Z,2026-04-09T03:10:05Z,main,"['.cpp', '.hpp', '.cc', '.cxx', '.h', '.hh', '.hxx']"
fastapi/fastapi,fastapi-fastapi,https://github.com/fastapi/fastapi.git,https://github.com/fastapi/fastapi,"FastAPI framework, high performance, easy to learn, fast to code, ready for production",Python,96996,"['api', 'async', 'asyncio', 'fastapi', 'framework', 'json', 'json-schema', 'openapi', 'openapi3', 'pydantic', 'python', 'python-types', 'python3', 'redoc', 'rest', 'starlette', 'swagger', 'swagger-ui', 'uvicorn', 'web']",40076,2026-04-09T13:16:24Z,2026-04-08T20:54:23Z,master,['.py']
nvbn/thefuck,nvbn-thefuck,https://github.com/nvbn/thefuck.git,https://github.com/nvbn/thefuck,Magnificent app which corrects your previous console command.,Python,96319,"['python', 'shell']",4043,2026-04-09T13:01:38Z,2024-07-19T14:56:13Z,master,['.py']
bitcoin/bitcoin,bitcoin-bitcoin,https://github.com/bitcoin/bitcoin.git,https://github.com/bitcoin/bitcoin,Bitcoin Core integration/staging tree,C++,88745,"['bitcoin', 'c-plus-plus', 'cryptocurrency', 'cryptography', 'p2p']",311108,2026-04-09T13:11:35Z,2026-04-09T13:11:27Z,master,"['.cpp', '.hpp', '.cc', '.cxx', '.h', '.hh', '.hxx']"
gin-gonic/gin,gin-gonic-gin,https://github.com/gin-gonic/gin.git,https://github.com/gin-gonic/gin,"Gin is a high-performance HTTP web framework written in Go. It provides a Martini-like API but with significantly better performance—up to 40 times faster—thanks to httprouter. Gin is designed for building REST APIs, web applications, and microservices.",Go,88301,"['framework', 'gin', 'go', 'middleware', 'performance', 'router', 'server']",10559,2026-04-09T12:45:54Z,2026-04-08T22:32:41Z,master,['.go']
gohugoio/hugo,gohugoio-hugo,https://github.com/gohugoio/hugo.git,https://github.com/gohugoio/hugo,The world’s fastest framework for building websites.,Go,87484,"['blog-engine', 'cms', 'content-management-system', 'documentation-tool', 'go', 'hugo', 'static-site-generator']",138414,2026-04-09T11:29:18Z,2026-04-09T10:25:19Z,master,['.go']
django/django,django-django,https://github.com/django/django.git,https://github.com/django/django,The Web framework for perfectionists with deadlines.,Python,87222,"['apps', 'django', 'framework', 'models', 'orm', 'python', 'templates', 'views', 'web']",278615,2026-04-09T12:16:30Z,2026-04-08T21:30:06Z,main,['.py']
home-assistant/core,home-assistant-core,https://github.com/home-assistant/core.git,https://github.com/home-assistant/core,:house_with_garden: Open source home automation that puts local control and privacy first.,Python,85983,"['asyncio', 'hacktoberfest', 'home-automation', 'internet-of-things', 'iot', 'mqtt', 'python', 'raspberry-pi']",804685,2026-04-09T13:20:12Z,2026-04-09T13:18:22Z,dev,['.py']
3b1b/manim,3b1b-manim,https://github.com/3b1b/manim.git,https://github.com/3b1b/manim,Animation engine for explanatory math videos,Python,85902,"['3b1b-videos', 'animation', 'explanatory-math-videos', 'python']",76630,2026-04-09T13:09:46Z,2026-03-26T14:56:44Z,master,['.py']
macrozheng/mall,macrozheng-mall,https://github.com/macrozheng/mall.git,https://github.com/macrozheng/mall,mall项目是一套电商系统，包括前台商城系统及后台管理系统，基于Spring Boot+MyBatis实现，采用Docker容器化部署。 前台商城系统包含首页门户、商品推荐、商品搜索、商品展示、购物车、订单流程、会员中心、客户服务、帮助中心等模块。 后台管理系统包含商品管理、订单管理、会员管理、促销管理、运营管理、内容管理、统计报表、财务管理、权限管理、设置等模块。,Java,83347,"['docker', 'elasticsearch', 'elk', 'java', 'mongodb', 'mybatis', 'mysql', 'rabbitmq', 'redis', 'spring', 'spring-boot', 'spring-cloud', 'spring-security', 'springboot', 'springcloud', 'swagger-ui']",58728,2026-04-09T13:05:45Z,2026-03-06T07:30:02Z,master,['.java']
astral-sh/uv,astral-sh-uv,https://github.com/astral-sh/uv.git,https://github.com/astral-sh/uv,"An extremely fast Python package and project manager, written in Rust.",Rust,82909,"['packaging', 'python', 'resolver', 'uv']",151166,2026-04-09T13:20:48Z,2026-04-09T12:26:20Z,main,['.rs']
syncthing/syncthing,syncthing-syncthing,https://github.com/syncthing/syncthing.git,https://github.com/syncthing/syncthing,Open Source Continuous File Synchronization,Go,81562,"['go', 'p2p', 'peer-to-peer', 'synchronization']",124896,2026-04-09T13:08:29Z,2026-04-09T01:33:13Z,main,['.go']
sherlock-project/sherlock,sherlock-project-sherlock,https://github.com/sherlock-project/sherlock.git,https://github.com/sherlock-project/sherlock,Hunt down social media accounts by username across social networks,Python,80670,"['cli', 'cti', 'cybersecurity', 'forensics', 'hacktoberfest', 'information-gathering', 'infosec', 'linux', 'osint', 'pentesting', 'python', 'python3', 'reconnaissance', 'redteam', 'sherlock', 'tools']",18408,2026-04-09T13:08:54Z,2026-04-09T05:41:44Z,master,['.py']
spring-projects/spring-boot,spring-projects-spring-boot,https://github.com/spring-projects/spring-boot.git,https://github.com/spring-projects/spring-boot,"Spring Boot helps you to create Spring-powered, production-grade applications and services with absolute minimum fuss.",Java,80375,"['framework', 'java', 'spring', 'spring-boot']",213894,2026-04-09T13:20:21Z,2026-04-09T11:33:00Z,main,['.java']
junegunn/fzf,junegunn-fzf,https://github.com/junegunn/fzf.git,https://github.com/junegunn/fzf,:cherry_blossom: A command-line fuzzy finder,Go,79343,"['bash', 'cli', 'fish', 'fzf', 'go', 'neovim', 'tmux', 'unix', 'vim', 'zsh']",7973,2026-04-09T13:16:27Z,2026-04-08T14:28:46Z,master,['.go']
zed-industries/zed,zed-industries-zed,https://github.com/zed-industries/zed.git,https://github.com/zed-industries/zed,"Code at the speed of thought – Zed is a high-performance, multiplayer code editor from the creators of Atom and Tree-sitter.",Rust,78777,"['gpui', 'rust-lang', 'text-editor', 'zed']",429769,2026-04-09T13:16:50Z,2026-04-09T13:05:09Z,main,['.rs']
tensorflow/models,tensorflow-models,https://github.com/tensorflow/models.git,https://github.com/tensorflow/models,Models and examples built with TensorFlow,Python,77674,[],659702,2026-04-09T13:15:19Z,2026-04-02T09:54:37Z,master,['.py']
elastic/elasticsearch,elastic-elasticsearch,https://github.com/elastic/elasticsearch.git,https://github.com/elastic/elasticsearch,"Free and Open Source, Distributed, RESTful Search Engine",Java,76471,"['elasticsearch', 'java', 'search-engine']",1596620,2026-04-09T12:45:37Z,2026-04-09T13:01:50Z,main,['.java']
jesseduffield/lazygit,jesseduffield-lazygit,https://github.com/jesseduffield/lazygit.git,https://github.com/jesseduffield/lazygit,simple terminal UI for git commands,Go,75992,"['cli', 'git', 'terminal']",153232,2026-04-09T13:20:26Z,2026-04-08T20:23:38Z,master,['.go']
ventoy/Ventoy,ventoy-ventoy,https://github.com/ventoy/Ventoy.git,https://github.com/ventoy/Ventoy,A new bootable USB solution.,C,75708,"['arm64', 'auto-install', 'bootable-usb', 'bsd', 'chromeos', 'iso-files', 'legacy', 'linux', 'multiboot', 'persistence', 'secure-boot', 'uefi', 'unattended', 'unix', 'usb', 'windows', 'x86', 'x86-64']",218431,2026-04-09T13:11:13Z,2026-04-05T15:50:16Z,master,"['.c', '.h']"
unionlabs/union,unionlabs-union,https://github.com/unionlabs/union.git,https://github.com/unionlabs/union,"The trust-minimized, zero-knowledge bridging protocol, designed for censorship resistance, extremely high security, and usage in decentralized finance.",Rust,74153,"['astro', 'blockchain', 'cosmos', 'cosmwasm', 'ethereum', 'evm', 'golang', 'indexer', 'interoperability', 'move', 'nix', 'prover', 'relayer', 'rust', 'solidity', 'svelte', 'typescipt', 'typescript', 'zero-knowledge']",483075,2026-04-09T10:34:49Z,2026-04-01T13:13:17Z,main,['.rs']
redis/redis,redis-redis,https://github.com/redis/redis.git,https://github.com/redis/redis,"For developers, who are building real-time data-driven applications, Redis is the preferred, fastest, and most feature-rich cache, data structure server, and document and vector query engine.",C,73721,"['cache', 'caching', 'database', 'distributed-systems', 'in-memory', 'in-memory-database', 'json', 'key-value', 'key-value-store', 'message-broker', 'message-queue', 'no-sql', 'nosql', 'open-source', 'real-time', 'realtime', 'redis', 'time-series', 'vector-databases', 'vector-search']",210192,2026-04-09T12:54:36Z,2026-04-09T02:17:39Z,unstable,"['.c', '.h']"
ocornut/imgui,ocornut-imgui,https://github.com/ocornut/imgui.git,https://github.com/ocornut/imgui,Dear ImGui: Bloat-free Graphical User interface for C++ with minimal dependencies,C++,72483,"['api', 'cplusplus', 'framework', 'game-development', 'game-engine', 'gamedev', 'gui', 'imgui', 'immediate-gui', 'library', 'multi-platform', 'native', 'toolkit', 'tools', 'ui']",124563,2026-04-09T13:13:22Z,2026-04-09T13:01:47Z,master,"['.cpp', '.hpp', '.cc', '.cxx', '.h', '.hh', '.hxx']"
python/cpython,python-cpython,https://github.com/python/cpython.git,https://github.com/python/cpython,The Python programming language,Python,72228,[],807673,2026-04-09T13:09:59Z,2026-04-09T13:20:51Z,main,['.py']
moby/moby,moby-moby,https://github.com/moby/moby.git,https://github.com/moby/moby,The Moby Project - a collaborative project for the container ecosystem to assemble container-based systems,Go,71525,"['containers', 'docker', 'go', 'golang']",257035,2026-04-09T13:03:05Z,2026-04-09T12:24:26Z,master,['.go']
obsproject/obs-studio,obsproject-obs-studio,https://github.com/obsproject/obs-studio.git,https://github.com/obsproject/obs-studio,OBS Studio - Free and open source software for live streaming and screen recording,C,71471,"['c', 'c-plus-plus', 'directshow', 'facebook-live', 'ffmpeg', 'game-capture', 'live-streaming', 'screen-capture', 'twitch-tv', 'video-recording', 'youtube-live']",80332,2026-04-09T13:01:58Z,2026-04-07T01:03:45Z,master,"['.c', '.h']"
caddyserver/caddy,caddyserver-caddy,https://github.com/caddyserver/caddy.git,https://github.com/caddyserver/caddy,Fast and extensible multi-platform HTTP/1-2-3 web server with automatic HTTPS,Go,71393,"['acme', 'automatic-https', 'caddy', 'caddyfile', 'go', 'golang', 'http', 'http-server', 'http3', 'https', 'privacy', 'reverse-proxy', 'security', 'tls', 'web-server']",20948,2026-04-09T13:20:40Z,2026-04-08T19:50:08Z,master,['.go']
pallets/flask,pallets-flask,https://github.com/pallets/flask.git,https://github.com/pallets/flask,The Python micro framework for building web applications.,Python,71390,"['flask', 'jinja', 'pallets', 'python', 'web-framework', 'werkzeug', 'wsgi']",11723,2026-04-09T10:29:43Z,2026-04-09T04:04:09Z,main,['.py']
protocolbuffers/protobuf,protocolbuffers-protobuf,https://github.com/protocolbuffers/protobuf.git,https://github.com/protocolbuffers/protobuf,Protocol Buffers - Google's data interchange format,C++,71052,"['marshalling', 'protobuf', 'protobuf-runtime', 'protoc', 'protocol-buffers', 'protocol-compiler', 'rpc', 'serialization']",218271,2026-04-09T13:08:00Z,2026-04-09T11:54:14Z,main,"['.cpp', '.hpp', '.cc', '.cxx', '.h', '.hh', '.hxx']"
nektos/act,nektos-act,https://github.com/nektos/act.git,https://github.com/nektos/act,Run your GitHub Actions locally 🚀,Go,69778,"['ci', 'devops', 'github-actions', 'golang']",17773,2026-04-09T11:10:38Z,2026-04-08T21:41:03Z,master,['.go']
base/node,base-node,https://github.com/base/node.git,https://github.com/base/node,Everything required to run your own Base node,Go,68634,[],3131,2026-04-09T12:10:39Z,2026-04-08T23:40:43Z,main,['.go']
ansible/ansible,ansible-ansible,https://github.com/ansible/ansible.git,https://github.com/ansible/ansible,"Ansible is a radically simple IT automation platform that makes your applications and systems easier to deploy and maintain. Automate everything from code deployment to network configuration to cloud management, in a language that approaches plain English, using SSH, with no agents to install on remote systems. https://docs.ansible.com.",Python,68395,"['ansible', 'python']",264069,2026-04-09T13:14:22Z,2026-04-09T06:13:38Z,devel,['.py']
NationalSecurityAgency/ghidra,nationalsecurityagency-ghidra,https://github.com/NationalSecurityAgency/ghidra.git,https://github.com/NationalSecurityAgency/ghidra,Ghidra is a software reverse engineering (SRE) framework,Java,66722,"['disassembler', 'reverse-engineering', 'software-analysis']",406910,2026-04-09T12:36:13Z,2026-04-08T13:52:22Z,master,['.java']
prometheus/prometheus,prometheus-prometheus,https://github.com/prometheus/prometheus.git,https://github.com/prometheus/prometheus,The Prometheus monitoring system and time series database.,Go,63485,"['alerting', 'graphing', 'hacktoberfest', 'metrics', 'monitoring', 'prometheus', 'time-series']",279374,2026-04-09T13:03:35Z,2026-04-09T12:40:18Z,main,['.go']
alacritty/alacritty,alacritty-alacritty,https://github.com/alacritty/alacritty.git,https://github.com/alacritty/alacritty,"A cross-platform, OpenGL terminal emulator.",Rust,63317,"['bsd', 'gpu', 'linux', 'macos', 'opengl', 'rust', 'terminal', 'terminal-emulators', 'vte', 'windows']",14584,2026-04-09T12:55:08Z,2026-04-06T19:21:00Z,master,['.rs']
traefik/traefik,traefik-traefik,https://github.com/traefik/traefik.git,https://github.com/traefik/traefik,The Cloud Native Application Proxy,Go,62557,"['consul', 'docker', 'etcd', 'go', 'golang', 'kubernetes', 'letsencrypt', 'load-balancer', 'marathon', 'mesos', 'microservice', 'reverse-proxy', 'traefik', 'zookeeper']",155873,2026-04-09T12:58:04Z,2026-04-09T12:08:06Z,master,['.go']
rust-lang/rustlings,rust-lang-rustlings,https://github.com/rust-lang/rustlings.git,https://github.com/rust-lang/rustlings,:crab: Small exercises to get you used to reading and writing Rust code!,Rust,62441,"['beginner-friendly', 'exercises', 'rust', 'rustlings']",4332,2026-04-09T13:18:49Z,2026-04-08T11:02:34Z,main,['.rs']
LadybirdBrowser/ladybird,ladybirdbrowser-ladybird,https://github.com/LadybirdBrowser/ladybird.git,https://github.com/LadybirdBrowser/ladybird,Truly independent web browser,C++,62250,"['browser', 'browser-engine']",433500,2026-04-09T12:58:20Z,2026-04-09T12:33:41Z,master,"['.cpp', '.hpp', '.cc', '.cxx', '.h', '.hh', '.hxx']"
BurntSushi/ripgrep,burntsushi-ripgrep,https://github.com/BurntSushi/ripgrep.git,https://github.com/BurntSushi/ripgrep,ripgrep recursively searches directories for a regex pattern while respecting your gitignore,Rust,62113,"['cli', 'command-line', 'command-line-tool', 'gitignore', 'grep', 'recursively-search', 'regex', 'ripgrep', 'rust', 'search']",5472,2026-04-09T12:59:16Z,2026-02-27T16:25:19Z,master,['.rs']
FuelLabs/sway,fuellabs-sway,https://github.com/FuelLabs/sway.git,https://github.com/FuelLabs/sway,🌴 Empowering everyone to build reliable and efficient smart contracts.,Rust,61806,"['compiler', 'fuel', 'language', 'sway']",116504,2026-04-09T10:29:29Z,2026-04-09T13:15:08Z,master,['.rs']
scrapy/scrapy,scrapy-scrapy,https://github.com/scrapy/scrapy.git,https://github.com/scrapy/scrapy,"Scrapy, a fast high-level web crawling & scraping framework for Python.",Python,61227,"['crawler', 'crawling', 'framework', 'hacktoberfest', 'python', 'scraping', 'web-scraping', 'web-scraping-python']",29963,2026-04-09T12:43:28Z,2026-04-09T12:01:42Z,master,['.py']
commaai/openpilot,commaai-openpilot,https://github.com/commaai/openpilot.git,https://github.com/commaai/openpilot,"openpilot is an operating system for robotics. Currently, it upgrades the driver assistance system on 300+ supported cars.",Python,60555,"['advanced-driver-assistance-systems', 'driver-assistance-systems', 'robotics']",703544,2026-04-09T10:36:24Z,2026-04-09T09:33:58Z,master,['.py']
git/git,git-git,https://github.com/git/git.git,https://github.com/git/git,Git Source Code Mirror - This is a publish-only repository but pull requests can be turned into patches to the mailing list via GitGitGadget (https://gitgitgadget.github.io/). Please follow Documentation/SubmittingPatches procedure for any of your improvements.,C,60184,"['c', 'hacktoberfest', 'shell']",302281,2026-04-09T11:31:24Z,2026-04-08T22:30:08Z,master,"['.c', '.h']"
spring-projects/spring-framework,spring-projects-spring-framework,https://github.com/spring-projects/spring-framework.git,https://github.com/spring-projects/spring-framework,Spring Framework,Java,59830,"['framework', 'spring', 'spring-framework']",241499,2026-04-09T12:29:18Z,2026-04-09T11:07:33Z,main,['.java']
meta-llama/llama,meta-llama-llama,https://github.com/meta-llama/llama.git,https://github.com/meta-llama/llama,Inference code for Llama models,Python,59312,[],1150,2026-04-09T10:29:42Z,2025-01-26T21:42:26Z,main,['.py']
FFmpeg/FFmpeg,ffmpeg-ffmpeg,https://github.com/FFmpeg/FFmpeg.git,https://github.com/FFmpeg/FFmpeg,Mirror of https://git.ffmpeg.org/ffmpeg.git,C,58749,"['audio', 'c', 'ffmpeg', 'fft', 'hevc', 'hls', 'matroska', 'mp4', 'mpeg', 'multimedia', 'rtmp', 'rtsp', 'streaming', 'video', 'webm']",473117,2026-04-09T13:01:47Z,2026-04-09T11:01:19Z,master,"['.c', '.h']"
FiloSottile/mkcert,filosottile-mkcert,https://github.com/FiloSottile/mkcert.git,https://github.com/FiloSottile/mkcert,A simple zero-config tool to make locally trusted development certificates with any names you'd like.,Go,58499,"['certificates', 'chrome', 'firefox', 'https', 'ios', 'linux', 'local-development', 'localhost', 'macos', 'root-ca', 'tls', 'windows']",1799,2026-04-09T13:20:58Z,2024-08-13T13:37:46Z,master,['.go']
dani-garcia/vaultwarden,dani-garcia-vaultwarden,https://github.com/dani-garcia/vaultwarden.git,https://github.com/dani-garcia/vaultwarden,"Unofficial Bitwarden compatible server written in Rust, formerly known as bitwarden_rs",Rust,58144,"['bitwarden', 'bitwarden-rs', 'docker', 'rocket', 'rust', 'vaultwarden']",12135,2026-04-09T13:06:15Z,2026-04-08T13:35:18Z,main,['.rs']
sharkdp/bat,sharkdp-bat,https://github.com/sharkdp/bat.git,https://github.com/sharkdp/bat,A cat(1) clone with wings.,Rust,58055,"['cli', 'command-line', 'git', 'hacktoberfest', 'rust', 'syntax-highlighting', 'terminal', 'tool']",34976,2026-04-09T12:25:52Z,2026-04-08T02:20:55Z,master,['.rs']
Z4nzu/hackingtool,z4nzu-hackingtool,https://github.com/Z4nzu/hackingtool.git,https://github.com/Z4nzu/hackingtool,ALL IN ONE Hacking Tool For Hackers,Python,57973,"['allinonehackingtool', 'besthackingtool', 'ctf-tools', 'ddos-attack-tool', 'hacker', 'hacking', 'linux', 'password-attack', 'steganography', 'web-attack', 'wireless-attack', 'xss-attacks', 'xss-detection']",2486,2026-04-09T12:57:55Z,2026-03-15T14:33:08Z,master,['.py']
pocketbase/pocketbase,pocketbase-pocketbase,https://github.com/pocketbase/pocketbase.git,https://github.com/pocketbase/pocketbase,Open Source realtime backend in 1 file,Go,57490,"['authentication', 'backend', 'golang', 'realtime']",130635,2026-04-09T12:36:33Z,2026-04-09T07:31:11Z,master,['.go']
FuelLabs/fuel-core,fuellabs-fuel-core,https://github.com/FuelLabs/fuel-core.git,https://github.com/FuelLabs/fuel-core,Rust full node implementation of the Fuel v2 protocol.,Rust,57190,"['blockchain', 'fuel']",910923,2026-04-09T10:31:02Z,2026-04-08T17:42:02Z,master,['.rs']
soimort/you-get,soimort-you-get,https://github.com/soimort/you-get.git,https://github.com/soimort/you-get,:arrow_double_down: Dumb downloader that scrapes the web,Python,56813,[],3533,2026-04-09T11:04:41Z,2025-04-27T15:33:25Z,develop,['.py']
rclone/rclone,rclone-rclone,https://github.com/rclone/rclone.git,https://github.com/rclone/rclone,"""rsync for cloud storage"" - Google Drive, S3, Dropbox, Backblaze B2, One Drive, Swift, Hubic, Wasabi, Google Cloud Storage, Azure Blob, Azure Files, Yandex Files",Go,56551,"['azure-blob', 'azure-blob-storage', 'azure-files', 'backblaze-b2', 'cloud-storage', 'dropbox', 'encryption', 'ftp', 'fuse-filesystem', 'go', 'golang', 'google-cloud-storage', 'google-drive', 'onedrive', 'openstack-swift', 'rclone', 's3', 'sftp', 'sync', 'webdav']",236616,2026-04-09T13:07:27Z,2026-04-09T11:56:18Z,master,['.go']
starship/starship,starship-starship,https://github.com/starship/starship.git,https://github.com/starship/starship,"☄🌌️  The minimal, blazing-fast, and infinitely customizable prompt for any shell!",Rust,56066,"['bash', 'fish', 'fish-prompt', 'fish-theme', 'oh-my-zsh', 'powershell', 'rust', 'shell-prompt', 'starship', 'zsh', 'zsh-prompt', 'zsh-theme']",47810,2026-04-09T12:20:49Z,2026-04-09T12:19:02Z,master,['.rs']
Textualize/rich,textualize-rich,https://github.com/Textualize/rich.git,https://github.com/Textualize/rich,Rich is a Python library for rich text and beautiful formatting in the terminal.,Python,56018,"['ansi-colors', 'emoji', 'markdown', 'progress-bar', 'progress-bar-python', 'python', 'python-library', 'python3', 'rich', 'syntax-highlighting', 'tables', 'terminal', 'terminal-color', 'traceback', 'tracebacks-rich', 'tui']",49893,2026-04-09T13:12:16Z,2026-02-26T09:52:16Z,master,['.py']
FoundationAgents/OpenManus,foundationagents-openmanus,https://github.com/FoundationAgents/OpenManus.git,https://github.com/FoundationAgents/OpenManus,"No fortress, purely open ground.  OpenManus is Coming.",Python,55669,[],4472,2026-04-09T12:50:18Z,2026-02-11T13:48:00Z,main,['.py']
go-gitea/gitea,go-gitea-gitea,https://github.com/go-gitea/gitea.git,https://github.com/go-gitea/gitea,"Git with a cup of tea! Painless self-hosted all-in-one software development service, including Git hosting, code review, team collaboration, package registry and CI/CD",Go,54799,"['bitbucket', 'cicd', 'devops', 'docker-registry-v2', 'git', 'git-gui', 'git-lfs', 'git-server', 'gitea', 'github', 'github-actions', 'gitlab', 'go', 'golang', 'hacktoberfest', 'maven-server', 'npm-registry', 'self-hosted', 'typescript', 'vue']",329147,2026-04-09T13:03:40Z,2026-04-09T13:17:50Z,main,['.go']
psf/requests,psf-requests,https://github.com/psf/requests.git,https://github.com/psf/requests,"A simple, yet elegant, HTTP library.",Python,53871,"['client', 'cookies', 'forhumans', 'http', 'humans', 'python', 'python-requests', 'requests']",13382,2026-04-09T10:29:54Z,2026-04-09T02:18:20Z,main,['.py']
wagoodman/dive,wagoodman-dive,https://github.com/wagoodman/dive.git,https://github.com/wagoodman/dive,A tool for exploring each layer in a docker image,Go,53726,"['cli', 'docker', 'docker-image', 'explorer', 'inspector', 'tui']",6927,2026-04-09T11:06:50Z,2025-12-15T17:20:36Z,main,['.go']
Zie619/n8n-workflows,zie619-n8n-workflows,https://github.com/Zie619/n8n-workflows.git,https://github.com/Zie619/n8n-workflows,all of the workflows of n8n i could find (also from the site itself),Python,53629,[],45314,2026-04-09T12:37:45Z,2026-02-11T15:41:17Z,main,['.py']
WerWolv/ImHex,werwolv-imhex,https://github.com/WerWolv/ImHex.git,https://github.com/WerWolv/ImHex,"🔍 A Hex Editor for Reverse Engineers, Programmers and people who value their retinas when working at 3 AM.",C++,53110,"['analyzer', 'binary-analysis', 'c-plus-plus', 'cpp', 'cybersecurity', 'dark-mode', 'dear-imgui', 'disassembler', 'forensics', 'hacking', 'hacktoberfest', 'hex-editor', 'ips', 'linux', 'macos', 'multi-platform', 'pattern-language', 'reverse-engineering', 'static-analysis', 'windows']",52121,2026-04-09T12:43:33Z,2026-04-02T04:21:13Z,master,"['.cpp', '.hpp', '.cc', '.cxx', '.h', '.hh', '.hxx']"
termux/termux-app,termux-termux-app,https://github.com/termux/termux-app.git,https://github.com/termux/termux-app,Termux - a terminal emulator application for Android OS extendible by variety of packages.,Java,53107,"['android', 'hacktoberfest', 'linux', 'terminal', 'termux']",5124,2026-04-09T13:13:49Z,2026-04-06T23:11:53Z,master,['.java']
typst/typst,typst-typst,https://github.com/typst/typst.git,https://github.com/typst/typst,A markup-based typesetting system that is powerful and easy to learn.,Rust,52558,"['compiler', 'markup', 'typesetting', 'typst']",138328,2026-04-09T13:11:17Z,2026-04-09T12:24:35Z,main,['.rs']
etcd-io/etcd,etcd-io-etcd,https://github.com/etcd-io/etcd.git,https://github.com/etcd-io/etcd,Distributed reliable key-value store for the most critical data of a distributed system,Go,51640,"['cncf', 'consensus', 'database', 'distributed-database', 'distributed-systems', 'etcd', 'go', 'key-value', 'kubernetes', 'raft']",96025,2026-04-09T11:09:09Z,2026-04-08T20:26:27Z,main,['.go']
xai-org/grok-1,xai-org-grok-1,https://github.com/xai-org/grok-1.git,https://github.com/xai-org/grok-1,Grok open release,Python,51526,[],1008,2026-04-09T10:47:36Z,2024-08-30T04:17:25Z,main,['.py']
google/guava,google-guava,https://github.com/google/guava.git,https://github.com/google/guava,Google core libraries for Java,Java,51512,"['guava', 'java']",1354821,2026-04-09T11:25:46Z,2026-04-08T23:36:00Z,master,['.java']
ethereum/go-ethereum,ethereum-go-ethereum,https://github.com/ethereum/go-ethereum.git,https://github.com/ethereum/go-ethereum,Go implementation of the Ethereum protocol,Go,50973,"['blockchain', 'ethereum', 'geth', 'go', 'p2p']",234288,2026-04-09T12:24:50Z,2026-04-09T13:19:29Z,master,['.go']
jesseduffield/lazydocker,jesseduffield-lazydocker,https://github.com/jesseduffield/lazydocker.git,https://github.com/jesseduffield/lazydocker,The lazier way to manage everything docker,Go,50573,[],28105,2026-04-09T11:28:49Z,2026-03-15T22:26:04Z,master,['.go']
odoo/odoo,odoo-odoo,https://github.com/odoo/odoo.git,https://github.com/odoo/odoo,Odoo. Open Source Apps To Grow Your Business.,Python,49999,"['apps', 'business', 'erp', 'management', 'odoo', 'odoo-apps', 'python']",15002223,2026-04-09T13:16:14Z,2026-04-09T13:12:24Z,19.0,['.py']
nlohmann/json,nlohmann-json,https://github.com/nlohmann/json.git,https://github.com/nlohmann/json,JSON for Modern C++,C++,49346,"['bson', 'cbor', 'header-only', 'json', 'json-diff', 'json-merge-patch', 'json-parser', 'json-patch', 'json-pointer', 'json-serialization', 'messagepack', 'msgpack', 'rfc-6901', 'rfc-6902', 'rfc-7049', 'rfc-7159', 'rfc-8259', 'stl-containers', 'ubjson']",241694,2026-04-09T12:33:47Z,2026-04-06T16:36:31Z,develop,"['.cpp', '.hpp', '.cc', '.cxx', '.h', '.hh', '.hxx']"
AlistGo/alist,alistgo-alist,https://github.com/AlistGo/alist.git,https://github.com/AlistGo/alist,"🗂️A file list/WebDAV program that supports multiple storages, powered by Gin and Solidjs. / 一个支持多存储的文件列表/WebDAV程序，使用 Gin 和 Solidjs。",Go,49272,"['file-server', 'gin', 'golang', 'onedrive', 'solidjs', 'webdav']",6196,2026-04-09T12:55:25Z,2026-03-30T06:01:37Z,main,['.go']
ReactiveX/RxJava,reactivex-rxjava,https://github.com/ReactiveX/RxJava.git,https://github.com/ReactiveX/RxJava,RxJava – Reactive Extensions for the JVM – a library for composing asynchronous and event-based programs using observable sequences for the Java VM.,Java,48376,"['flow', 'java', 'reactive-streams', 'rxjava']",162971,2026-04-09T10:30:39Z,2026-04-09T04:52:24Z,4.x,['.java']
hashicorp/terraform,hashicorp-terraform,https://github.com/hashicorp/terraform.git,https://github.com/hashicorp/terraform,"Terraform enables you to safely and predictably create, change, and improve infrastructure. It is a source-available tool that codifies APIs into declarative configuration files that can be shared amongst team members, treated as code, edited, reviewed, and versioned.",Go,48080,"['cloud', 'cloud-management', 'graph', 'infrastructure-as-code', 'terraform']",352636,2026-04-09T12:58:39Z,2026-04-09T11:56:34Z,main,['.go']
x64dbg/x64dbg,x64dbg-x64dbg,https://github.com/x64dbg/x64dbg.git,https://github.com/x64dbg/x64dbg,An open-source user mode debugger for Windows. Optimized for reverse engineering and malware analysis.,C++,48048,"['binary-analysis', 'ctf', 'cybersecurity', 'debugger', 'debugging', 'disassembler', 'dynamic-analysis', 'exploit-development', 'hacking', 'malware-analysis', 'offensive-security', 'oscp', 'program-analysis', 'reverse-engineering', 'security', 'security-tools', 'windows', 'x64', 'x86', 'x86-64']",63348,2026-04-09T10:32:08Z,2026-03-22T22:41:36Z,development,"['.cpp', '.hpp', '.cc', '.cxx', '.h', '.hh', '.hxx']"
skylot/jadx,skylot-jadx,https://github.com/skylot/jadx.git,https://github.com/skylot/jadx,Dex to Java decompiler,Java,48011,"['android', 'decompiler', 'dex', 'java']",25464,2026-04-09T12:40:36Z,2026-04-05T17:48:49Z,master,['.java']
bevyengine/bevy,bevyengine-bevy,https://github.com/bevyengine/bevy.git,https://github.com/bevyengine/bevy,A refreshingly simple data-driven game engine built in Rust,Rust,45510,"['bevy', 'game-development', 'game-engine', 'gamedev', 'open-source', 'rust']",162225,2026-04-09T12:50:18Z,2026-04-09T04:56:50Z,main,['.rs']
grpc/grpc,grpc-grpc,https://github.com/grpc/grpc.git,https://github.com/grpc/grpc,"C++ based gRPC (C++, Python, Ruby, Objective-C, PHP, C#)",C++,44604,[],604274,2026-04-09T11:21:04Z,2026-04-09T08:36:37Z,master,"['.cpp', '.hpp', '.cc', '.cxx', '.h', '.hh', '.hxx']"
tmux/tmux,tmux-tmux,https://github.com/tmux/tmux.git,https://github.com/tmux/tmux,tmux source code,C,44250,[],19212,2026-04-09T12:54:31Z,2026-04-05T23:41:01Z,master,"['.c', '.h']"
zhongyang219/TrafficMonitor,zhongyang219-trafficmonitor,https://github.com/zhongyang219/TrafficMonitor.git,https://github.com/zhongyang219/TrafficMonitor,这是一个用于显示当前网速、CPU及内存利用率的桌面悬浮窗软件，并支持任务栏显示，支持更换皮肤。,C++,43863,[],16715,2026-04-09T09:45:47Z,2026-04-06T11:26:46Z,master,"['.cpp', '.hpp', '.cc', '.cxx', '.h', '.hh', '.hxx']"
helix-editor/helix,helix-editor-helix,https://github.com/helix-editor/helix.git,https://github.com/helix-editor/helix,A post-modern modal text editor.,Rust,43852,"['kakoune', 'rust', 'text-editor', 'vim']",69461,2026-04-09T12:09:46Z,2026-04-08T13:32:09Z,master,['.rs']
FuelLabs/fuels-rs,fuellabs-fuels-rs,https://github.com/FuelLabs/fuels-rs.git,https://github.com/FuelLabs/fuels-rs,Fuel Network Rust SDK,Rust,43292,[],20145,2026-04-09T10:29:30Z,2026-04-06T18:57:03Z,master,['.rs']
Light-City/CPlusPlusThings,light-city-cplusplusthings,https://github.com/Light-City/CPlusPlusThings.git,https://github.com/Light-City/CPlusPlusThings,C++那些事,C++,43041,"['cplusplus', 'cpp', 'cpp11', 'cpp14']",1331,2026-04-09T12:31:39Z,2026-03-12T15:48:05Z,master,"['.cpp', '.hpp', '.cc', '.cxx', '.h', '.hh', '.hxx']"
sharkdp/fd,sharkdp-fd,https://github.com/sharkdp/fd.git,https://github.com/sharkdp/fd,"A simple, fast and user-friendly alternative to 'find'",Rust,42401,"['cli', 'command-line', 'filesystem', 'hacktoberfest', 'regex', 'rust', 'search', 'terminal', 'tool']",2396,2026-04-09T12:17:17Z,2026-04-04T05:44:14Z,master,['.rs']
juspay/hyperswitch,juspay-hyperswitch,https://github.com/juspay/hyperswitch.git,https://github.com/juspay/hyperswitch,"An open source payments switch written in Rust to make payments fast, reliable and affordable",Rust,42396,"['beginner-friendly', 'featured', 'finance', 'hacktoberfest', 'high-performance', 'open-source', 'orchestration', 'payments', 'postgresql', 'redis', 'restful-api', 'rust', 'sdk', 'works-with-react']",303806,2026-04-09T13:03:29Z,2026-04-09T12:52:27Z,main,['.rs']
apache/dubbo,apache-dubbo,https://github.com/apache/dubbo.git,https://github.com/apache/dubbo,The java implementation of Apache Dubbo. An RPC and microservice framework.,Java,41626,"['distributed-systems', 'dubbo', 'framework', 'grpc', 'http', 'java', 'microservices', 'restful', 'rpc', 'service-mesh', 'web']",61526,2026-04-09T11:52:31Z,2026-04-09T02:54:04Z,3.3,['.java']
curl/curl,curl-curl,https://github.com/curl/curl.git,https://github.com/curl/curl,"A command line tool and library for transferring data with URL syntax, supporting DICT, FILE, FTP, FTPS, GOPHER, GOPHERS, HTTP, HTTPS, IMAP, IMAPS, LDAP, LDAPS, MQTT, MQTTS, POP3, POP3S, RTMP, RTMPS, RTSP, SCP, SFTP, SMB, SMBS, SMTP, SMTPS, TELNET, TFTP, WS and WSS. libcurl offers a myriad of powerful features",C,41227,"['c', 'client', 'curl', 'ftp', 'gopher', 'hacktoberfest', 'http', 'https', 'imaps', 'ldap', 'libcurl', 'library', 'mqtt', 'pop3', 'scp', 'sftp', 'transfer-data', 'transferring-data', 'user-agent', 'websocket']",134627,2026-04-09T13:20:37Z,2026-04-09T12:10:42Z,master,"['.c', '.h']"
aria2/aria2,aria2-aria2,https://github.com/aria2/aria2.git,https://github.com/aria2/aria2,"aria2 is a lightweight multi-protocol & multi-source, cross platform download utility operated in command-line. It supports HTTP/HTTPS, FTP, SFTP, BitTorrent and Metalink.",C++,40536,"['bittorrent', 'cpp11', 'download', 'ftp', 'http', 'metalink', 'rpc', 'sftp']",31491,2026-04-09T12:08:15Z,2026-03-10T10:01:53Z,master,"['.cpp', '.hpp', '.cc', '.cxx', '.h', '.hh', '.hxx']"
wg/wrk,wg-wrk,https://github.com/wg/wrk.git,https://github.com/wg/wrk,Modern HTTP benchmarking tool,C,40184,[],38743,2026-04-09T10:25:18Z,2023-12-30T10:33:51Z,master,"['.c', '.h']"
php/php-src,php-php-src,https://github.com/php/php-src.git,https://github.com/php/php-src,The PHP Interpreter,C,39978,[],631072,2026-04-09T12:37:26Z,2026-04-09T12:37:15Z,master,"['.c', '.h']"
facebookresearch/faiss,facebookresearch-faiss,https://github.com/facebookresearch/faiss.git,https://github.com/facebookresearch/faiss,A library for efficient similarity search and clustering of dense vectors.,C++,39660,[],268751,2026-04-09T11:22:18Z,2026-04-09T11:22:59Z,main,"['.cpp', '.hpp', '.cc', '.cxx', '.h', '.hh', '.hxx']"
nushell/nushell,nushell-nushell,https://github.com/nushell/nushell.git,https://github.com/nushell/nushell,A new type of shell,Rust,38973,"['nushell', 'rust', 'shell']",63502,2026-04-09T12:53:05Z,2026-04-09T10:49:28Z,main,['.rs']
google/leveldb,google-leveldb,https://github.com/google/leveldb.git,https://github.com/google/leveldb,LevelDB is a fast key-value storage library written at Google that provides an ordered mapping from string keys to string values.,C++,38957,[],1848,2026-04-09T11:41:11Z,2026-03-11T04:06:29Z,main,"['.cpp', '.hpp', '.cc', '.cxx', '.h', '.hh', '.hxx']"
google/googletest,google-googletest,https://github.com/google/googletest.git,https://github.com/google/googletest,GoogleTest - Google Testing and Mocking Framework,C++,38449,[],14135,2026-04-09T10:31:24Z,2026-03-31T14:22:45Z,main,"['.cpp', '.hpp', '.cc', '.cxx', '.h', '.hh', '.hxx']"
lapce/lapce,lapce-lapce,https://github.com/lapce/lapce.git,https://github.com/lapce/lapce,Lightning-fast and Powerful Code Editor written in Rust,Rust,38275,"['code-editor', 'developer-tools', 'rust', 'text-editor', 'vim']",28751,2026-04-09T13:02:48Z,2026-04-09T00:48:46Z,master,['.rs']
PhilJay/MPAndroidChart,philjay-mpandroidchart,https://github.com/PhilJay/MPAndroidChart.git,https://github.com/PhilJay/MPAndroidChart,"A powerful 🚀 Android chart view / graph view library, supporting line- bar- pie- radar- bubble- and candlestick charts as well as scaling, panning and animations.",Java,38227,"['android', 'chart', 'graph', 'java', 'mpandroidchart']",21593,2026-04-09T10:31:23Z,2025-06-05T07:06:39Z,master,['.java']
halo-dev/halo,halo-dev-halo,https://github.com/halo-dev/halo.git,https://github.com/halo-dev/halo,Halo 是一款强大易用的开源建站工具，从个人博客、知识库，到企业官网、在线商城，Halo 都能助您轻松实现，一站式满足您的多样化建站需求。,Java,38217,"['blog', 'blog-engine', 'cms', 'content-management-system', 'halo', 'halocms', 'website-builder']",84422,2026-04-09T12:41:06Z,2026-04-09T09:40:41Z,main,['.java']
TeamNewPipe/NewPipe,teamnewpipe-newpipe,https://github.com/TeamNewPipe/NewPipe.git,https://github.com/TeamNewPipe/NewPipe,A libre lightweight streaming front-end for Android.,Java,37763,"['4k', 'android', 'bandcamp', 'download-videos', 'newpipe', 'peertube', 'soundcloud', 'translation', 'video', 'watch', 'youtube-video']",86335,2026-04-09T10:31:26Z,2026-04-08T15:28:00Z,dev,['.java']
duckdb/duckdb,duckdb-duckdb,https://github.com/duckdb/duckdb.git,https://github.com/duckdb/duckdb,DuckDB is an analytical in-process SQL database management system,C++,37295,"['analytics', 'database', 'embedded-database', 'olap', 'sql']",422980,2026-04-09T12:05:48Z,2026-04-09T12:27:05Z,main,"['.cpp', '.hpp', '.cc', '.cxx', '.h', '.hh', '.hxx']"
alibaba/arthas,alibaba-arthas,https://github.com/alibaba/arthas.git,https://github.com/alibaba/arthas,Alibaba Java Diagnostic Tool Arthas/Alibaba Java诊断利器Arthas,Java,37228,"['agent', 'alibaba', 'arthas', 'classloader', 'diagnosis', 'java', 'jvm', 'trace', 'trouble-shooting']",65979,2026-04-09T12:38:05Z,2026-03-31T11:42:06Z,master,['.java']
aseprite/aseprite,aseprite-aseprite,https://github.com/aseprite/aseprite.git,https://github.com/aseprite/aseprite,"Animated sprite editor & pixel art tool (Windows, macOS, Linux)",C++,36436,"['animated-sprites', 'animation', 'aseprite', 'c-plus-plus', 'cpp', 'draw', 'gif', 'graphics', 'pixel-art', 'pixel-editor', 'sprite-editor', 'sprites', 'spritesheet', 'tile-editor', 'tilemap-editor']",47045,2026-04-09T13:07:51Z,2026-04-08T22:27:57Z,main,"['.cpp', '.hpp', '.cc', '.cxx', '.h', '.hh', '.hxx']"
qbittorrent/qBittorrent,qbittorrent-qbittorrent,https://github.com/qbittorrent/qBittorrent.git,https://github.com/qbittorrent/qBittorrent,qBittorrent BitTorrent client,C++,36400,"['bittorrent', 'bittorrent-client', 'c-plus-plus', 'crossplatform', 'torrent', 'torrent-client']",295671,2026-04-09T13:11:48Z,2026-04-06T10:08:59Z,master,"['.cpp', '.hpp', '.cc', '.cxx', '.h', '.hh', '.hxx']"
LizardByte/Sunshine,lizardbyte-sunshine,https://github.com/LizardByte/Sunshine.git,https://github.com/LizardByte/Sunshine,Self-hosted game stream host for Moonlight.,C++,35883,"['cpp', 'docker', 'flathub-pkg', 'game-stream', 'game-streaming', 'game-streaming-server', 'geforce-experience', 'homebrew-pkg', 'maintainer-wanted', 'moonlight', 'pacman-pkg', 'python', 'remote-desktop', 'replicator-custom-issues', 'replicator-release-notifications', 'rtd', 'winget-pkg']",62151,2026-04-09T13:03:09Z,2026-04-09T07:05:07Z,master,"['.cpp', '.hpp', '.cc', '.cxx', '.h', '.hh', '.hxx']"
airbnb/lottie-android,airbnb-lottie-android,https://github.com/airbnb/lottie-android.git,https://github.com/airbnb/lottie-android,"Render After Effects animations natively on Android and iOS, Web, and React Native",Java,35594,"['after-effects', 'airbnb', 'android', 'animation', 'lottie']",137398,2026-04-09T03:10:09Z,2026-02-15T22:03:57Z,master,['.java']
bumptech/glide,bumptech-glide,https://github.com/bumptech/glide.git,https://github.com/bumptech/glide,An image loading and caching library for Android focused on smooth scrolling,Java,35028,[],97800,2026-04-09T10:30:50Z,2026-04-07T09:27:05Z,master,['.java']
hyprwm/Hyprland,hyprwm-hyprland,https://github.com/hyprwm/Hyprland.git,https://github.com/hyprwm/Hyprland,"Hyprland is an independent, highly customizable, dynamic tiling Wayland compositor that doesn't sacrifice on its looks.",C++,34945,"['compositor', 'cpp26', 'wayland', 'wayland-compositor']",74366,2026-04-09T12:26:31Z,2026-04-08T11:06:58Z,main,"['.cpp', '.hpp', '.cc', '.cxx', '.h', '.hh', '.hxx']"
netty/netty,netty-netty,https://github.com/netty/netty.git,https://github.com/netty/netty,Netty project - an event-driven asynchronous network application framework,Java,34907,[],109203,2026-04-09T09:56:54Z,2026-04-09T12:48:07Z,4.2,['.java']
mpv-player/mpv,mpv-player-mpv,https://github.com/mpv-player/mpv.git,https://github.com/mpv-player/mpv,🎥 Command line media player,C,34724,"['audio', 'c', 'ffmpeg', 'mplayer', 'mpv', 'multimedia', 'video']",117318,2026-04-09T13:14:05Z,2026-04-09T11:40:37Z,master,"['.c', '.h']"
SeleniumHQ/selenium,seleniumhq-selenium,https://github.com/SeleniumHQ/selenium.git,https://github.com/SeleniumHQ/selenium,A browser automation framework and ecosystem.,Java,34121,"['dotnet', 'java', 'javascript', 'python', 'ruby', 'rust', 'selenium', 'webdriver']",2332411,2026-04-09T11:45:53Z,2026-04-09T11:53:47Z,trunk,['.java']
xkcoding/spring-boot-demo,xkcoding-spring-boot-demo,https://github.com/xkcoding/spring-boot-demo.git,https://github.com/xkcoding/spring-boot-demo,🚀一个用来深入学习并实战 Spring Boot 的项目。,Java,34108,"['demo', 'in-action', 'java', 'spring', 'spring-boot', 'spring-boot-2', 'spring-boot-demo', 'web', 'xkcoding']",14194,2026-04-09T06:47:01Z,2024-07-24T02:02:52Z,master,['.java']
jqlang/jq,jqlang-jq,https://github.com/jqlang/jq.git,https://github.com/jqlang/jq,Command-line JSON processor,C,34078,['jq'],7456,2026-04-09T13:20:47Z,2026-04-08T14:02:42Z,master,"['.c', '.h']"
zxing/zxing,zxing-zxing,https://github.com/zxing/zxing.git,https://github.com/zxing/zxing,"ZXing (""Zebra Crossing"") barcode scanning library for Java, Android",Java,33909,"['android', 'barcode', 'barcode-scanner', 'datamatrix', 'java', 'qr-code', 'upc', 'zxing']",243541,2026-04-09T12:42:43Z,2026-04-08T03:42:18Z,master,['.java']
keycloak/keycloak,keycloak-keycloak,https://github.com/keycloak/keycloak.git,https://github.com/keycloak/keycloak,Open Source Identity and Access Management For Modern Applications and Services,Java,33792,"['keycloak', 'oidc', 'saml']",584381,2026-04-09T13:08:53Z,2026-04-09T10:55:28Z,main,['.java']
Blankj/AndroidUtilCode,blankj-androidutilcode,https://github.com/Blankj/AndroidUtilCode.git,https://github.com/Blankj/AndroidUtilCode,:fire: Android developers should collect the following utils(updating).,Java,33698,"['android', 'androidx', 'app', 'bar', 'cache', 'encode', 'encrypt', 'eventbus', 'file', 'fragment', 'log', 'network', 'permission', 'reflect', 'regex', 'snackbar', 'spannable-string', 'thread-pool', 'toast', 'utils']",47329,2026-04-09T03:10:10Z,2024-08-15T10:38:10Z,master,['.java']
nothings/stb,nothings-stb,https://github.com/nothings/stb.git,https://github.com/nothings/stb,stb single-file public domain libraries for C/C++,C,33288,[],5855,2026-04-09T11:07:30Z,2026-03-18T12:22:40Z,master,"['.c', '.h']"
bilibili/ijkplayer,bilibili-ijkplayer,https://github.com/bilibili/ijkplayer.git,https://github.com/bilibili/ijkplayer,"Android/iOS video player based on FFmpeg n3.4, with MediaCodec, VideoToolbox support.",C,33133,"['android', 'ffmpeg', 'ijkplayer', 'ios', 'player', 'video']",8283,2026-04-09T12:53:42Z,2024-08-13T00:53:33Z,master,"['.c', '.h']"
SerenityOS/serenity,serenityos-serenity,https://github.com/SerenityOS/serenity.git,https://github.com/SerenityOS/serenity,The Serenity Operating System 🐞,C++,33078,"['browser', 'c-plus-plus', 'desktop-environment', 'kernel', 'operating-system', 'os', 'unix']",240283,2026-04-09T12:33:52Z,2026-04-08T12:27:02Z,master,"['.cpp', '.hpp', '.cc', '.cxx', '.h', '.hh', '.hxx']"
binarywang/WxJava,binarywang-wxjava,https://github.com/binarywang/WxJava.git,https://github.com/binarywang/WxJava,微信开发 Java SDK ，支持包括微信支付，开放平台，小程序，企业微信，视频号，公众号等的后端开发,Java,32693,"['cp', 'hacktoberfest', 'java', 'miniapp', 'miniprogram', 'mp', 'open', 'sdk', 'weapp', 'wechat', 'wechat-sdk', 'weixin', 'weixin-sdk', 'wxjava', 'wxpay']",20088,2026-04-09T12:12:10Z,2026-04-07T13:35:35Z,develop,['.java']
apache/kafka,apache-kafka,https://github.com/apache/kafka.git,https://github.com/apache/kafka,Apache Kafka - A distributed event streaming platform,Java,32325,"['java', 'kafka', 'scala', 'streaming']",284397,2026-04-09T13:21:14Z,2026-04-09T12:04:55Z,trunk,['.java']
lizongying/my-tv,lizongying-my-tv,https://github.com/lizongying/my-tv.git,https://github.com/lizongying/my-tv,我的电视 电视直播软件，安装即可使用,C,32184,"['iptv', 'my-tv', 'mytv', 'tv']",72954,2026-04-09T12:17:56Z,2024-06-20T06:21:11Z,main,"['.c', '.h']"
valinet/ExplorerPatcher,valinet-explorerpatcher,https://github.com/valinet/ExplorerPatcher.git,https://github.com/valinet/ExplorerPatcher,This project aims to enhance the working environment on Windows,C,32143,[],9438,2026-04-09T10:10:10Z,2026-04-08T19:39:32Z,master,"['.c', '.h']"
raysan5/raylib,raysan5-raylib,https://github.com/raysan5/raylib.git,https://github.com/raysan5/raylib,A simple and easy-to-use library to enjoy videogames programming,C,31972,"['android', 'c', 'embedded', 'game-development', 'game-engine', 'gamedev', 'graphics', 'iot', 'linux', 'opengl', 'programming', 'raspberry-pi', 'raylib', 'riscv', 'videogames', 'wasm', 'webassembly', 'win32']",419753,2026-04-09T12:51:41Z,2026-04-09T09:52:09Z,master,"['.c', '.h']"
coolsnowwolf/lede,coolsnowwolf-lede,https://github.com/coolsnowwolf/lede.git,https://github.com/coolsnowwolf/lede,Lean's LEDE source,C,31403,"['lede', 'lua', 'openwrt-feed', 'openwrt-package', 'openwrt-zh-cn']",323352,2026-04-09T12:58:24Z,2026-04-09T10:06:02Z,master,"['.c', '.h']"
kingToolbox/WindTerm,kingtoolbox-windterm,https://github.com/kingToolbox/WindTerm.git,https://github.com/kingToolbox/WindTerm,A professional cross-platform SSH/Sftp/Shell/Telnet/Tmux/Serial terminal.,C,30437,"['bash', 'client', 'cmd', 'linux', 'mac', 'powershell', 'serial', 'sftp', 'shell', 'ssh', 'telnet', 'terminal', 'tmux', 'windows', 'wsl', 'x11', 'xmodem', 'xterm', 'ymodem', 'zmodem']",18742,2026-04-09T12:03:34Z,2025-03-11T19:12:09Z,master,"['.c', '.h']"
openssl/openssl,openssl-openssl,https://github.com/openssl/openssl.git,https://github.com/openssl/openssl,TLS/SSL and crypto library,C,29892,"['cryptography', 'decryption', 'encryption', 'openssl', 'ssl', 'tls']",336136,2026-04-09T10:47:12Z,2026-04-08T10:35:20Z,master,"['.c', '.h']"
nginx/nginx,nginx-nginx,https://github.com/nginx/nginx.git,https://github.com/nginx/nginx,The official NGINX Open Source repository.,C,29862,"['content-cache', 'http', 'http2', 'http3', 'https', 'load-balancer', 'mail-proxy-server', 'nginx', 'quic', 'reverse-proxy', 'security', 'tcp-proxy-server', 'tls', 'udp-proxy-server', 'web-server']",75532,2026-04-09T13:21:21Z,2026-04-07T11:39:57Z,master,"['.c', '.h']"
asmvik/yabai,asmvik-yabai,https://github.com/asmvik/yabai.git,https://github.com/asmvik/yabai,A tiling window manager for macOS based on binary space partitioning,C,28593,[],7609,2026-04-09T11:43:45Z,2026-04-06T15:51:45Z,master,"['.c', '.h']"
ggreer/the_silver_searcher,ggreer-the_silver_searcher,https://github.com/ggreer/the_silver_searcher.git,https://github.com/ggreer/the_silver_searcher,"A code-searching tool similar to ack, but faster.",C,27160,"['ag', 'c', 'command-line-tool', 'pcre', 'search-in-text', 'silver-searcher']",2426,2026-04-09T10:30:08Z,2024-06-16T19:37:41Z,master,"['.c', '.h']"
