intervention_id,repo,intervention_commit,intervention_file_path,intervention_epoch,maintenance_id,maintenance_commit,maintenance_file_path,maintenance_epoch,match_window_days,match_distance,date_gap_days
django-django::23984cf907168d2a26579e54bf53d5d222431f01::django/utils/html.py,django-django,23984cf907168d2a26579e54bf53d5d222431f01,django/utils/html.py,1396553290,django-django:d79a30ba3f991bc3150fa1260fab1c10f5d3450a:django/db/utils.py,d79a30ba3f991bc3150fa1260fab1c10f5d3450a,django/db/utils.py,1421498386,365,0.1985274253316742,288.7163888888889
django-django::3f76d1402dac9c2993d588f996dc1c331edbc9a7::django/db/backends/base/schema.py,django-django,3f76d1402dac9c2993d588f996dc1c331edbc9a7,django/db/backends/base/schema.py,1468593277,django-django:1f10c3994cf3b54749c5a541896f4ac28ea694fa:django/contrib/postgres/fields/jsonb.py,1f10c3994cf3b54749c5a541896f4ac28ea694fa,django/contrib/postgres/fields/jsonb.py,1484565856,365,3.2852375005672867,184.8678125
django-django::1557778121e5d04a80f1f7c81eeb4b47400939e4::django/core/management/commands/loaddata.py,django-django,1557778121e5d04a80f1f7c81eeb4b47400939e4,django/core/management/commands/loaddata.py,1621017904,django-django:c494c6974dd0e7c5a43ea3e220b34641abc3ba29:django/db/models/fields/__init__.py,c494c6974dd0e7c5a43ea3e220b34641abc3ba29,django/db/models/fields/__init__.py,1683699985,730,3.447231653857177,725.4870486111112
traefik-traefik::bf37869b8f6fd8315828f189d4a8e811d12dccae::tortuous.go,traefik-traefik,bf37869b8f6fd8315828f189d4a8e811d12dccae,tortuous.go,1441615138,traefik-traefik:d888b4fcb5623d21d9ec5e80739e53ecce5a9330:marathon.go,d888b4fcb5623d21d9ec5e80739e53ecce5a9330,marathon.go,1446411965,90,1.6564181213582925,55.51883101851852
prometheus-prometheus::06b486b41e233eeb8c772fb18c04ed83567cd56f::storage/remote/write.go,prometheus-prometheus,06b486b41e233eeb8c772fb18c04ed83567cd56f,storage/remote/write.go,1699535892,prometheus-prometheus:1d8e6e8b6e2e708c05286e626eefbc5ed5f293ce:promql/parser/generated_parser.y.go,1d8e6e8b6e2e708c05286e626eefbc5ed5f293ce,promql/parser/generated_parser.y.go,1704469772,90,2.5826046867733194,57.10509259259259
fastapi-fastapi::addfa89b0f750abc193f62be8e457fc487b842ee::fastapi/applications.py,fastapi-fastapi,addfa89b0f750abc193f62be8e457fc487b842ee,fastapi/applications.py,1544125678,fastapi-fastapi:0a65c41909d5e259542d8419a941687f2bd9c7af:scripts/rename_tutorial_src_files.py,0a65c41909d5e259542d8419a941687f2bd9c7af,scripts/rename_tutorial_src_files.py,1545394953,90,3.1887491194646937,14.69068287037037
fastapi-fastapi::510fec9bee23a9c31157090a2081f2038f7ae5cf::fastapi/encoders.py,fastapi-fastapi,510fec9bee23a9c31157090a2081f2038f7ae5cf,fastapi/encoders.py,1545484504,fastapi-fastapi:db3c270f8e402627c29a288a2bacd6ac57cfca0c:fastapi/applications.py,db3c270f8e402627c29a288a2bacd6ac57cfca0c,fastapi/applications.py,1544255736,90,1.6427316405335644,14.221851851851852
fastapi-fastapi::bd407cc4ed81b21e4287735b7d31a30a452e3a9d::fastapi/dependencies/utils.py,fastapi-fastapi,bd407cc4ed81b21e4287735b7d31a30a452e3a9d,fastapi/dependencies/utils.py,1559223643,fastapi-fastapi:b8e6d18385fbe51a671f40b7606e8cd7faa49be0:fastapi/openapi/docs.py,b8e6d18385fbe51a671f40b7606e8cd7faa49be0,fastapi/openapi/docs.py,1604613436,730,1.6402095711008542,525.3448263888889
fastapi-fastapi::83d04df8a6f87abe2b849a510b4c0e36170e653e::fastapi/encoders.py,fastapi-fastapi,83d04df8a6f87abe2b849a510b4c0e36170e653e,fastapi/encoders.py,1575918164,fastapi-fastapi:6c7da43e517afbc4b521429c7908ec3a335bc473:fastapi/applications.py,6c7da43e517afbc4b521429c7908ec3a335bc473,fastapi/applications.py,1570299435,90,2.296412233886965,65.03158564814815
fastapi-fastapi::e26f94018c1a0c2be1c683247749edac2f607951::fastapi/routing.py,fastapi-fastapi,e26f94018c1a0c2be1c683247749edac2f607951,fastapi/routing.py,1582993982,fastapi-fastapi:5db99a27cf640864b4793807811848698c5ff4a2:fastapi/exceptions.py,5db99a27cf640864b4793807811848698c5ff4a2,fastapi/exceptions.py,1579261064,90,5.825096683342132,43.20506944444445
fastapi-fastapi::0ac9b3ee5ce85b9ebc23698f8515e07017d9b9aa::fastapi/__init__.py,fastapi-fastapi,0ac9b3ee5ce85b9ebc23698f8515e07017d9b9aa,fastapi/__init__.py,1583095760,fastapi-fastapi:a5c03ba1b7468a52a6c7c5b62fd4a55840381598:scripts/docs.py,a5c03ba1b7468a52a6c7c5b62fd4a55840381598,scripts/docs.py,1594384304,180,5.311032241467547,130.65444444444444
fastapi-fastapi::1f01ce9615fe83ea5235820266e3a78ae8768847::docs_src/additional_responses/tutorial002.py,fastapi-fastapi,1f01ce9615fe83ea5235820266e3a78ae8768847,docs_src/additional_responses/tutorial002.py,1593368010,fastapi-fastapi:a0ab47e89ed9f492ea15157ce7096f0a393bbaca:fastapi/dependencies/utils.py,a0ab47e89ed9f492ea15157ce7096f0a393bbaca,fastapi/dependencies/utils.py,1592002560,90,6.593788747914971,15.803819444444445
fastapi-fastapi::3063ad83ec006a41f2ed8f4168d5d6efbddbee6b::fastapi/encoders.py,fastapi-fastapi,3063ad83ec006a41f2ed8f4168d5d6efbddbee6b,fastapi/encoders.py,1596461423,fastapi-fastapi:9f89399f5e7bf83071b16ec9ba62f5c1541f224e:scripts/docs.py,9f89399f5e7bf83071b16ec9ba62f5c1541f224e,scripts/docs.py,1608407642,180,1.3037373344796417,138.26642361111112
fastapi-fastapi::c8124496fc34c024e411f293d3893219005d409f::fastapi/dependencies/utils.py,fastapi-fastapi,c8124496fc34c024e411f293d3893219005d409f,fastapi/dependencies/utils.py,1661519777,fastapi-fastapi:d537ee93d707d392d75ffbe7ff08e4ff70b75729:docs_src/websockets/tutorial002.py,d537ee93d707d392d75ffbe7ff08e4ff70b75729,docs_src/websockets/tutorial002.py,1668355854,90,4.668770767397687,79.12126157407407
fastapi-fastapi::35d93d59d82f2b2073d492ac335553f1d7c3cc55::.github/actions/people/app/main.py,fastapi-fastapi,35d93d59d82f2b2073d492ac335553f1d7c3cc55,.github/actions/people/app/main.py,1677676920,fastapi-fastapi:9cae3cdb09405a2a5c22bbd4f1d328ee5a2259eb:.github/actions/comment-docs-preview-in-pr/app/main.py,9cae3cdb09405a2a5c22bbd4f1d328ee5a2259eb,.github/actions/comment-docs-preview-in-pr/app/main.py,1652316066,365,4.177771367879878,293.5284027777778
psf-requests::a80bd7708d620ba1797aed1ca0840996fa137517::requests/utils.py,psf-requests,a80bd7708d620ba1797aed1ca0840996fa137517,requests/utils.py,1389115391,psf-requests:d9f34c6848b9b313beefa7d3ce05f52fdea28c27:requests/sessions.py,d9f34c6848b9b313beefa7d3ce05f52fdea28c27,requests/sessions.py,1391153804,90,0.579454130155086,23.592743055555555
psf-requests::ca187abd13052fee100909076358fca89b473e0f::requests/utils.py,psf-requests,ca187abd13052fee100909076358fca89b473e0f,requests/utils.py,1389434363,psf-requests:97cf16e958a948ecf30c3019ae94f2e7ec7dcb7f:requests/sessions.py,97cf16e958a948ecf30c3019ae94f2e7ec7dcb7f,requests/sessions.py,1394652131,90,0.6229499841986526,60.39083333333333
psf-requests::f74f5e3ebf0943163cd21b93fb682f790277aa19::requests/sessions.py,psf-requests,f74f5e3ebf0943163cd21b93fb682f790277aa19,requests/sessions.py,1391189225,psf-requests:4c11fb7f04e1f3bc1fcc0901a81c6af99778e904:requests/models.py,4c11fb7f04e1f3bc1fcc0901a81c6af99778e904,requests/models.py,1390638010,90,1.2756885788335088,6.379803240740741
psf-requests::6d7e8a97bbefa287366bc5d0b0b8f789532e853a::requests/utils.py,psf-requests,6d7e8a97bbefa287366bc5d0b0b8f789532e853a,requests/utils.py,1394652012,psf-requests:54e96b40b7c36deb547339e5d3d4ccac75b53b51:requests/adapters.py,54e96b40b7c36deb547339e5d3d4ccac75b53b51,requests/adapters.py,1400441075,90,0.9144449914117844,67.00304398148148
psf-requests::ced6550a2555002f6c081d75547f30fd3fc5e29c::test_requests.py,psf-requests,ced6550a2555002f6c081d75547f30fd3fc5e29c,test_requests.py,1423016587,psf-requests:c8098670357f2954ce4db2eb1fa9c7483c5f63d0:setup.py,c8098670357f2954ce4db2eb1fa9c7483c5f63d0,setup.py,1409348362,180,4.597943109139388,158.19704861111111
psf-requests::ce234d53a5b8d829eca4f27857e6ea2625575fe8::setup.py,psf-requests,ce234d53a5b8d829eca4f27857e6ea2625575fe8,setup.py,1427304094,psf-requests:42944007338bdaa570a3ab25aafc279ef150d169:test_requests.py,42944007338bdaa570a3ab25aafc279ef150d169,test_requests.py,1433294002,90,4.361654623341409,69.32763888888888
psf-requests::74609c5c8f94cbae3d3fc72e0b0a53cae19cc29c::requests/models.py,psf-requests,74609c5c8f94cbae3d3fc72e0b0a53cae19cc29c,requests/models.py,1430941363,psf-requests:500f15da1fe54e3773be42f7770680d1f86b699f:requests/adapters.py,500f15da1fe54e3773be42f7770680d1f86b699f,requests/adapters.py,1440699664,180,2.3506537764317903,112.94329861111112
psf-requests::9a20afd6b5140da4b9f187a3c0c6ea7010baeee9::requests/api.py,psf-requests,9a20afd6b5140da4b9f187a3c0c6ea7010baeee9,requests/api.py,1449858729,psf-requests:397f10bac76b74e3e6efcb5c4be2fe735382d7bc:requests/__init__.py,397f10bac76b74e3e6efcb5c4be2fe735382d7bc,requests/__init__.py,1444056064,90,0.7771368035457193,67.16047453703703
psf-requests::6195edc075b5960cdc2699c8556be35406247f61::requests/auth.py,psf-requests,6195edc075b5960cdc2699c8556be35406247f61,requests/auth.py,1454123887,psf-requests:08364c6739ef94d245327acf88359de371bbf3ba:requests/adapters.py,08364c6739ef94d245327acf88359de371bbf3ba,requests/adapters.py,1451472024,90,0.7976225890375916,30.692858796296296
psf-requests::66eedec782d3871821a7ff9d87deabfeb9596020::requests/sessions.py,psf-requests,66eedec782d3871821a7ff9d87deabfeb9596020,requests/sessions.py,1454392089,psf-requests:5530091b86c60033e7e5a4f803e8d22a23f54779:requests/utils.py,5530091b86c60033e7e5a4f803e8d22a23f54779,requests/utils.py,1460014530,90,0.5384434107108422,65.07454861111111
psf-requests::90688c68ad5a1bad8ac93c6e2b26395da1fdff51::setup.py,psf-requests,90688c68ad5a1bad8ac93c6e2b26395da1fdff51,setup.py,1454488672,psf-requests:aac32ac56e60ac220a15c33d207306806c193d1b:test_requests.py,aac32ac56e60ac220a15c33d207306806c193d1b,test_requests.py,1449017619,90,4.239872973101295,63.32237268518519
psf-requests::d9b1cac8675700c5537d1f70d6249a7afe63a03e::test_requests.py,psf-requests,d9b1cac8675700c5537d1f70d6249a7afe63a03e,test_requests.py,1454489768,psf-requests:4dffe5efaa73c1ae4a082442e201f413b5e5bea7:setup.py,4dffe5efaa73c1ae4a082442e201f413b5e5bea7,setup.py,1446719905,90,4.578194199251247,89.9289699074074
psf-requests::8000def20cf6fd61a7f311e2ea06636475b2bc6e::requests/utils.py,psf-requests,8000def20cf6fd61a7f311e2ea06636475b2bc6e,requests/utils.py,1460014595,psf-requests:e6f218f3f6c365bc919218fae9d0726473043079:requests/sessions.py,e6f218f3f6c365bc919218fae9d0726473043079,requests/sessions.py,1453250698,90,0.5432950880347001,78.28584490740741
psf-requests::a52fe6586c0bcadb1610b93d39c454e0ff83cd0f::requests/exceptions.py,psf-requests,a52fe6586c0bcadb1610b93d39c454e0ff83cd0f,requests/exceptions.py,1488318668,psf-requests:1c38e1f5f64c5da8a39a890d9205dd49297a9914:requests/compat.py,1c38e1f5f64c5da8a39a890d9205dd49297a9914,requests/compat.py,1493887487,90,0.5953338705375018,64.45392361111111
psf-requests::1f6de03baf534b21746b632a4d33889118fb73bb::requests/certs.py,psf-requests,1f6de03baf534b21746b632a4d33889118fb73bb,requests/certs.py,1495854175,psf-requests:16c8241a8128920cfc4b64ea41418dbd6f5b36cb:requests/__version__.py,16c8241a8128920cfc4b64ea41418dbd6f5b36cb,requests/__version__.py,1495946136,90,0.3566749439387329,1.064363425925926
psf-requests::a44284c045b43d728c2a07d4f0a064bf8714f4af::requests/__version__.py,psf-requests,a44284c045b43d728c2a07d4f0a064bf8714f4af,requests/__version__.py,1495903271,psf-requests:e4693eba4f429230d482ca50d0a537fc13ea6884:requests/__init__.py,e4693eba4f429230d482ca50d0a537fc13ea6884,requests/__init__.py,1494425062,90,4.44500143383527,17.108900462962964
psf-requests::6495190b00b4635791ca718990b9c9a1aa2d5b33::requests/help.py,psf-requests,6495190b00b4635791ca718990b9c9a1aa2d5b33,requests/help.py,1496112908,psf-requests:bf53ace6f80a852b35bdd513cac81d060e78cb33:requests/__version__.py,bf53ace6f80a852b35bdd513cac81d060e78cb33,requests/__version__.py,1495849103,90,2.517696472610992,3.053298611111111
psf-requests::33619268f986b7d6452fdab43e70096401c5b361::requests/models.py,psf-requests,33619268f986b7d6452fdab43e70096401c5b361,requests/models.py,1496113209,psf-requests:86f8cb8a35ecde88af1eec344498799164b10cb0:requests/sessions.py,86f8cb8a35ecde88af1eec344498799164b10cb0,requests/sessions.py,1496076804,90,1.0110841279409677,0.4213541666666666
psf-requests::d78ec90e7b6dbb853db33fd10686f3ba5c4874f1::requests/utils.py,psf-requests,d78ec90e7b6dbb853db33fd10686f3ba5c4874f1,requests/utils.py,1496113485,psf-requests:a63ae02e345ef772d96802b1dd3eee730144e16b:requests/sessions.py,a63ae02e345ef772d96802b1dd3eee730144e16b,requests/sessions.py,1491128988,90,0.5352475128296872,57.6909375
psf-requests::c86b09b3c67a437f8851d3be9232b0a1c8585e20::requests/adapters.py,psf-requests,c86b09b3c67a437f8851d3be9232b0a1c8585e20,requests/adapters.py,1509912857,psf-requests:1dbaddd75e04365a822cf4bcf05f332a5f845ed6:requests/auth.py,1dbaddd75e04365a822cf4bcf05f332a5f845ed6,requests/auth.py,1510191179,90,0.8093730190281017,3.2213194444444446
psf-requests::cb0914407b6bb8153c8be5d52bc497e1d10b04ac::requests/utils.py,psf-requests,cb0914407b6bb8153c8be5d52bc497e1d10b04ac,requests/utils.py,1515083450,psf-requests:8e040523a4d3ce6e80b2edb7d3112480d697ddc8:requests/adapters.py,8e040523a4d3ce6e80b2edb7d3112480d697ddc8,requests/adapters.py,1517595016,90,0.976820625324109,29.069050925925925
psf-requests::857e9b7ac20c3accf4cc328f594aecb8b6a644a6::requests/sessions.py,psf-requests,857e9b7ac20c3accf4cc328f594aecb8b6a644a6,requests/sessions.py,1536914683,psf-requests:ccbffe5a533182e721be2e04bb201039e73bbdae:requests/utils.py,ccbffe5a533182e721be2e04bb201039e73bbdae,requests/utils.py,1540842782,90,0.5442791440030481,45.46410879629629
psf-requests::47cb8bae1afedb600007683048eff4572850a34e::requests/sessions.py,psf-requests,47cb8bae1afedb600007683048eff4572850a34e,requests/sessions.py,1559155784,psf-requests:6d2a5072ca0851e37f7c529f27d13edfddc8c1dd:requests/__init__.py,6d2a5072ca0851e37f7c529f27d13edfddc8c1dd,requests/__init__.py,1558275952,90,2.307862150094889,10.18324074074074
psf-requests::99b3b492418d0751ca960178d274f89805095e4c::requests/sessions.py,psf-requests,99b3b492418d0751ca960178d274f89805095e4c,requests/sessions.py,1637781661,psf-requests:95f456733656ed93645ff0250bfa54f6d256f6fe:requests/models.py,95f456733656ed93645ff0250bfa54f6d256f6fe,requests/models.py,1644087365,90,0.9647558993645556,72.98268518518519
psf-requests::dfe46c1b7f55c9377caecba2119be14d3cce74e5::requests/utils.py,psf-requests,dfe46c1b7f55c9377caecba2119be14d3cce74e5,requests/utils.py,1690682118,psf-requests:7f694b79e114c06fac5ec06019cada5a61e5570f:requests/_internal_utils.py,7f694b79e114c06fac5ec06019cada5a61e5570f,requests/_internal_utils.py,1677875942,180,6.642844918819281,148.21962962962962
pallets-flask::4532e89efe9ef1161d4cdbd12687dac0c19c49b7::flask/cli.py,pallets-flask,4532e89efe9ef1161d4cdbd12687dac0c19c49b7,flask/cli.py,1399455260,pallets-flask:4541910381e5c3836e4c00b480653f058b149f6f:flask/sessions.py,4541910381e5c3836e4c00b480653f058b149f6f,flask/sessions.py,1401889646,90,1.296467402730097,28.175763888888888
pallets-flask::ed7b4ccac1b646aa725007db7fd3ec2d359beaf4::flask/cli.py,pallets-flask,ed7b4ccac1b646aa725007db7fd3ec2d359beaf4,flask/cli.py,1399455409,pallets-flask:52098e1e4fc4d9c962e9ecb09dfbbcc6ac80a4d7:flask/__init__.py,52098e1e4fc4d9c962e9ecb09dfbbcc6ac80a4d7,flask/__init__.py,1388686867,180,3.63995039140966,124.63590277777776
pallets-flask::81576c236a4dde33aeed13c84abed0ad2e796c2f::flask/cli.py,pallets-flask,81576c236a4dde33aeed13c84abed0ad2e796c2f,flask/cli.py,1399462061,pallets-flask:28e30322fa14418219910a364395aaa7dfbd364c:flask/debughelpers.py,28e30322fa14418219910a364395aaa7dfbd364c,flask/debughelpers.py,1415087466,365,1.351862164698406,180.8495949074074
pallets-flask::3569fc24415f8bac7b269ec041bd1f6bc23038ce::flask/cli.py,pallets-flask,3569fc24415f8bac7b269ec041bd1f6bc23038ce,flask/cli.py,1399491351,pallets-flask:290c371eb1d0a140203cffce6f270b3cca6783dc:flask/wrappers.py,290c371eb1d0a140203cffce6f270b3cca6783dc,flask/wrappers.py,1425577718,365,2.177240115327291,301.9255439814815
pallets-flask::932f7d7cbb5a4e04fd0922c3272a6e32d408abe8::flask/app.py,pallets-flask,932f7d7cbb5a4e04fd0922c3272a6e32d408abe8,flask/app.py,1408978222,pallets-flask:5e12748d0efb5fc3d1f6a68d7bf05fd8980a2fd4:flask/templating.py,5e12748d0efb5fc3d1f6a68d7bf05fd8980a2fd4,flask/templating.py,1434548559,365,4.379572645712314,295.95297453703705
pallets-flask::61d5e6a4d4058accec957901be4d1efe2f3f71fa::scripts/flaskext_migrate.py,pallets-flask,61d5e6a4d4058accec957901be4d1efe2f3f71fa,scripts/flaskext_migrate.py,1423679390,pallets-flask:fe6bcffdad73fc8f683dadf1a86229fdfd3a571c:flask/app.py,fe6bcffdad73fc8f683dadf1a86229fdfd3a571c,flask/app.py,1423169159,90,7.845318146131832,5.905451388888889
pallets-flask::0edf0a0e3a8b0f3e8309822044631fe7864d3066::flask/json.py,pallets-flask,0edf0a0e3a8b0f3e8309822044631fe7864d3066,flask/json.py,1453768982,pallets-flask:a72583652329da810fc2a04e8541a0e2efd47ee1:flask/cli.py,a72583652329da810fc2a04e8541a0e2efd47ee1,flask/cli.py,1464643235,180,0.7738258106723777,125.85940972222222
pallets-flask::c1973016eacfb22fdec837394d8b89c0ca35ad15::flask/helpers.py,pallets-flask,c1973016eacfb22fdec837394d8b89c0ca35ad15,flask/helpers.py,1491613351,pallets-flask:c9b33d0e860e347f1ed46eebadbfef4f5422b6da:flask/app.py,c9b33d0e860e347f1ed46eebadbfef4f5422b6da,flask/app.py,1485689212,90,1.2458230011589464,68.5664236111111
pallets-flask::bdf31cd423a295de2f6956b2e8da1d8f26c91858::flask/helpers.py,pallets-flask,bdf31cd423a295de2f6956b2e8da1d8f26c91858,flask/helpers.py,1495733162,pallets-flask:b4e092600dc2cfd5326a373b4b9fd757a5d8a61a:flask/cli.py,b4e092600dc2cfd5326a373b4b9fd757a5d8a61a,flask/cli.py,1525266375,365,0.7746033160306283,341.8195949074074
pallets-flask::48c2925664e154711e97385cc197be8bbb59572d::flask/cli.py,pallets-flask,48c2925664e154711e97385cc197be8bbb59572d,flask/cli.py,1495736900,pallets-flask:d50a5db5ed07a14733b8cbfc0962b793209014dd:flask/helpers.py,d50a5db5ed07a14733b8cbfc0962b793209014dd,flask/helpers.py,1491590092,90,1.3166019917329557,47.99546296296296
pallets-flask::7c0b36f1467d2d8ea5fdc572d5edfce476a6eb89::flask/cli.py,pallets-flask,7c0b36f1467d2d8ea5fdc572d5edfce476a6eb89,flask/cli.py,1495804605,pallets-flask:b8eba0a3fa940f85d43aa2a26bd31a75a446eb28:flask/helpers.py,b8eba0a3fa940f85d43aa2a26bd31a75a446eb28,flask/helpers.py,1496077764,90,1.3903745299868886,3.1615625
pallets-flask::5e1ced3c055f7eb567bf7266c98de3d44ceea1b4::flask/sessions.py,pallets-flask,5e1ced3c055f7eb567bf7266c98de3d44ceea1b4,flask/sessions.py,1496382443,pallets-flask:e00e2c22aadf9e5b9dc353c31f1b70dad488b47a:flask/logging.py,e00e2c22aadf9e5b9dc353c31f1b70dad488b47a,flask/logging.py,1472132506,365,3.2137109949152216,280.6705671296296
pallets-flask::d5f88dafaf03a21aa4b6f0a273228fe9263a4a78::src/flask/app.py,pallets-flask,d5f88dafaf03a21aa4b6f0a273228fe9263a4a78,src/flask/app.py,1583936678,pallets-flask:aac0f585b944cc65a1b570c1cc26d840f03e2f72:src/flask/config.py,aac0f585b944cc65a1b570c1cc26d840f03e2f72,src/flask/config.py,1571415898,180,3.046792138209315,144.91643518518518
pallets-flask::b146a13f633b0e2e26e3b8383b3db0feb563bc83::src/flask/app.py,pallets-flask,b146a13f633b0e2e26e3b8383b3db0feb563bc83,src/flask/app.py,1596293158,pallets-flask:22987b68173e9bf56cc450cb7aeb93f5480a2660:src/flask/sessions.py,22987b68173e9bf56cc450cb7aeb93f5480a2660,src/flask/sessions.py,1604542565,180,2.8599792749060424,95.4792476851852
pallets-flask::eb42655c46f8a598f2e0ead624ba5a65a8a66e90::src/flask/app.py,pallets-flask,eb42655c46f8a598f2e0ead624ba5a65a8a66e90,src/flask/app.py,1611947013,pallets-flask:8ab4967703c2f5c500174f46b672d80e32f55d85:src/flask/cli.py,8ab4967703c2f5c500174f46b672d80e32f55d85,src/flask/cli.py,1618527504,90,0.8924506838750603,76.16309027777778
pallets-flask::64206c13c2bff0220328845db0995f451cefd3b1::src/flask/app.py,pallets-flask,64206c13c2bff0220328845db0995f451cefd3b1,src/flask/app.py,1611948377,pallets-flask:8796b2a784bc45fcc6865cd80b2cba0601448727:src/flask/scaffold.py,8796b2a784bc45fcc6865cd80b2cba0601448727,src/flask/scaffold.py,1621584545,180,1.412925227120613,111.52972222222222
pallets-flask::7f87f3dd93baf45d5f69f02a2dcf4493dfc4a1be::src/flask/app.py,pallets-flask,7f87f3dd93baf45d5f69f02a2dcf4493dfc4a1be,src/flask/app.py,1620047739,pallets-flask:faaa5594b2406260c3e4197fa6e80c3d19b6ab23:src/flask/ctx.py,faaa5594b2406260c3e4197fa6e80c3d19b6ab23,src/flask/ctx.py,1647359049,365,2.134225025393236,316.103125
scrapy-scrapy::1e37b64ecda444e3337b724a2349d4b3d4d45f37::scrapy/utils/deprecate.py,scrapy-scrapy,1e37b64ecda444e3337b724a2349d4b3d4d45f37,scrapy/utils/deprecate.py,1389384608,scrapy-scrapy:3243a13b80519650644bd5e1d500aa7dfd69bfd1:scrapy/utils/log.py,3243a13b80519650644bd5e1d500aa7dfd69bfd1,scrapy/utils/log.py,1430359474,730,0.8785128797351276,474.2461342592592
scrapy-scrapy::d40273561dad76a409f847b5f8ce1daafdb1dc7c::scrapy/crawler.py,scrapy-scrapy,d40273561dad76a409f847b5f8ce1daafdb1dc7c,scrapy/crawler.py,1407862975,scrapy-scrapy:81187feaac0647e5ec40781f03326ce5d73378b4:scrapy/conftest.py,81187feaac0647e5ec40781f03326ce5d73378b4,scrapy/conftest.py,1396658839,180,4.421848128860553,129.6775
scrapy-scrapy::33d145e2f5a1f470398d96184b4da158e3ef7240::scrapy/crawler.py,scrapy-scrapy,33d145e2f5a1f470398d96184b4da158e3ef7240,scrapy/crawler.py,1433540979,scrapy-scrapy:23905611b36cebdf068f511b8b93500d3f6835bf:scrapy/resolver.py,23905611b36cebdf068f511b8b93500d3f6835bf,scrapy/resolver.py,1486054685,730,4.655072903582127,607.7975231481481
scrapy-scrapy::311d5cd495c7bb82c39a85dd85438871518ea165::scrapy/loader/__init__.py,scrapy-scrapy,311d5cd495c7bb82c39a85dd85438871518ea165,scrapy/loader/__init__.py,1441397748,scrapy-scrapy:683ef2a8d9666bbf20462a35d01d517ad1eca73e:scrapy/pipelines/files.py,683ef2a8d9666bbf20462a35d01d517ad1eca73e,scrapy/pipelines/files.py,1438177861,90,0.9223697779505372,37.26721064814815
scrapy-scrapy::97666955500a17e9627d284f69695c5006405255::scrapy/spiderloader.py,scrapy-scrapy,97666955500a17e9627d284f69695c5006405255,scrapy/spiderloader.py,1456580840,scrapy-scrapy:d047665c027d0a88dedc515098d276eed481c134:scrapy/crawler.py,d047665c027d0a88dedc515098d276eed481c134,scrapy/crawler.py,1433542993,365,4.786750727557327,266.6417476851852
scrapy-scrapy::ee39d11e45a6ca20a24d28cd08c4b20ea1eae40e::scrapy/pipelines/images.py,scrapy-scrapy,ee39d11e45a6ca20a24d28cd08c4b20ea1eae40e,scrapy/pipelines/images.py,1465982738,scrapy-scrapy:4cef1a1d0060148716ffec4ad6ce9bf709ad1ea2:scrapy/pipelines/files.py,4cef1a1d0060148716ffec4ad6ce9bf709ad1ea2,scrapy/pipelines/files.py,1463135735,90,1.482425671393235,32.95142361111111
scrapy-scrapy::df4cda79d2c6929fdffd1a56c785653702330422::scrapy/pipelines/images.py,scrapy-scrapy,df4cda79d2c6929fdffd1a56c785653702330422,scrapy/pipelines/images.py,1468422132,scrapy-scrapy:0e288d4a711f061a01a951d2e1d9892f737211e0:scrapy/linkextractors/__init__.py,0e288d4a711f061a01a951d2e1d9892f737211e0,scrapy/linkextractors/__init__.py,1456876933,180,0.9808292530117262,133.62498842592592
scrapy-scrapy::f7e11b198efd0213bb51205b6829123476ccf2ba::scrapy/pipelines/media.py,scrapy-scrapy,f7e11b198efd0213bb51205b6829123476ccf2ba,scrapy/pipelines/media.py,1488553259,scrapy-scrapy:810658bcc5b1897d57c0882a0f7ab4a0d264a778:scrapy/downloadermiddlewares/retry.py,810658bcc5b1897d57c0882a0f7ab4a0d264a778,scrapy/downloadermiddlewares/retry.py,1489275372,90,1.1467315370123083,8.357789351851851
scrapy-scrapy::999341b60bd5289ca97c8187d0ff380a8555ba5e::scrapy/core/scheduler.py,scrapy-scrapy,999341b60bd5289ca97c8187d0ff380a8555ba5e,scrapy/core/scheduler.py,1532633098,scrapy-scrapy:672385a371453c84faa2f31425e3701b25260629:scrapy/spiders/sitemap.py,672385a371453c84faa2f31425e3701b25260629,scrapy/spiders/sitemap.py,1545921614,180,1.7623179440599026,153.80226851851853
scrapy-scrapy::ad83ffdf1f4d69ffb62b243429e7b59d0930524c::scrapy/extensions/feedexport.py,scrapy-scrapy,ad83ffdf1f4d69ffb62b243429e7b59d0930524c,scrapy/extensions/feedexport.py,1549648283,scrapy-scrapy:e3b15252c80ca3d0872f3068c382a0a3e7cc9db6:scrapy/linkextractors/__init__.py,e3b15252c80ca3d0872f3068c382a0a3e7cc9db6,scrapy/linkextractors/__init__.py,1551370877,90,1.593206717505518,19.937430555555554
scrapy-scrapy::595c995ee640e360e5b574577594b273cc8af071::scrapy/utils/versions.py,scrapy-scrapy,595c995ee640e360e5b574577594b273cc8af071,scrapy/utils/versions.py,1565203084,scrapy-scrapy:9b1587ed1bc736f9fcc357ce425405adf5bd6d08:scrapy/pipelines/files.py,9b1587ed1bc736f9fcc357ce425405adf5bd6d08,scrapy/pipelines/files.py,1566224036,90,4.737285848256979,11.816574074074074
scrapy-scrapy::75b1d051d99cda17558a210326e77046eec851a7::scrapy/downloadermiddlewares/httpproxy.py,scrapy-scrapy,75b1d051d99cda17558a210326e77046eec851a7,scrapy/downloadermiddlewares/httpproxy.py,1572517365,scrapy-scrapy:6109ad9aacd5897f67842685b2405627b4af4ad6:scrapy/settings/deprecated.py,6109ad9aacd5897f67842685b2405627b4af4ad6,scrapy/settings/deprecated.py,1582812930,180,1.4028236630711015,119.16163194444444
scrapy-scrapy::35723d76c0c07575309810e776305e9ea22fc18d::scrapy/linkextractors/lxmlhtml.py,scrapy-scrapy,35723d76c0c07575309810e776305e9ea22fc18d,scrapy/linkextractors/lxmlhtml.py,1581112793,scrapy-scrapy:c3cee74fd401e6a6307b5eb1786e532bb2cd5aa8:scrapy/extensions/feedexport.py,c3cee74fd401e6a6307b5eb1786e532bb2cd5aa8,scrapy/extensions/feedexport.py,1593186321,180,2.2402214430752974,139.7399074074074
scrapy-scrapy::204737042ac6672eee73c975d0bd6735893d684c::scrapy/extensions/feedexport.py,scrapy-scrapy,204737042ac6672eee73c975d0bd6735893d684c,scrapy/extensions/feedexport.py,1587981138,scrapy-scrapy:a2c4a7f9200a06b227a297b9dd2919fe3ec37dbe:scrapy/commands/genspider.py,a2c4a7f9200a06b227a297b9dd2919fe3ec37dbe,scrapy/commands/genspider.py,1604877299,365,1.5383538313054563,195.55741898148148
scrapy-scrapy::01ad8b31ab7fe86fd78a70b09a6dd61a497e0ccb::scrapy/core/http2/protocol.py,scrapy-scrapy,01ad8b31ab7fe86fd78a70b09a6dd61a497e0ccb,scrapy/core/http2/protocol.py,1592178240,scrapy-scrapy:890b2138a605af2bfbf340a0d48d9d83c4cda53b:scrapy/http/request/form.py,890b2138a605af2bfbf340a0d48d9d83c4cda53b,scrapy/http/request/form.py,1596109170,90,2.490879559803439,45.496875
scrapy-scrapy::1e9b52c3e0e4eb51aaad37e796b3ee810fd919a6::scrapy/core/spidermw.py,scrapy-scrapy,1e9b52c3e0e4eb51aaad37e796b3ee810fd919a6,scrapy/core/spidermw.py,1612803723,scrapy-scrapy:bdc0bca5b1aab15873b82f93a4bdf8fb3ce82824:scrapy/extensions/memusage.py,bdc0bca5b1aab15873b82f93a4bdf8fb3ce82824,scrapy/extensions/memusage.py,1669137049,730,0.9305192428725252,652.006087962963
scrapy-scrapy::61197d3dba53cd67c41e5d23e1f0c11a864f539b::scrapy/core/scraper.py,scrapy-scrapy,61197d3dba53cd67c41e5d23e1f0c11a864f539b,scrapy/core/scraper.py,1618406518,scrapy-scrapy:43ab8bd16acdabc8be64b421b030fb6e1751e47b:scrapy/utils/ssl.py,43ab8bd16acdabc8be64b421b030fb6e1751e47b,scrapy/utils/ssl.py,1673628667,730,4.180473715952039,639.1452430555555
